ALL;Material;Material Description;Batch;Plnt;BUn;Type ;Statut ;Unrestricted;In Quality Insp.;Blocked;Value Unrestricted;Value in QualInsp.;Value BlockedStock;Quantité Disponible ;Valeur Disponible ;Quantité Bloquée ;Valeur Bloquée
661A;300424160;ENV EC CIRTF 30PES2150TR;2353297;66;M;RM;vivant;0,000;0,000;59,000;0,00;0,00;27,14;0,00;0,00;59,00;27,14
661A;300424160;ENV EC CIRTF 30PES2150TR;2376942;66;M;RM;vivant;1 114,000;0,000;0,000;512,44;0,00;0,00;1 114,00;512,44;0,00;0,00
661A;300424160;ENV EC CIRTF 30PES2150TR;2377038;66;M;RM;vivant;2 760,000;0,000;0,000;1 269,60;0,00;0,00;2 760,00;1 269,60;0,00;0,00
661A;300424160;ENV EC CIRTF 30PES2150TR;2600094;66;M;RM;vivant;0,000;0,000;156,000;0,00;0,00;71,76;0,00;0,00;156,00;71,76
661A;300424160;ENV EC CIRTF 30PES2150TR;2600132;66;M;RM;vivant;325,600;0,000;0,000;149,78;0,00;0,00;325,60;149,78;0,00;0,00
661A;300424160;ENV EC CIRTF 30PES2150TR;2600147;66;M;RM;vivant;0,000;0,000;1 544,800;0,00;0,00;710,61;0,00;0,00;1 544,80;710,61
661A;300424160;ENV EC CIRTF 30PES2150TR;2600187;66;M;RM;vivant;6 030,900;0,000;0,000;2 774,21;0,00;0,00;6 030,90;2 774,21;0,00;0,00
661A;300424160;ENV EC CIRTF 30PES2150TR;2600205;66;M;RM;vivant;745,200;0,000;0,000;342,79;0,00;0,00;745,20;342,79;0,00;0,00
661A;300424160;ENV EC CIRTF 30PES2150TR;2600226;66;M;RM;vivant;2 339,400;0,000;0,000;1 076,12;0,00;0,00;2 339,40;1 076,12;0,00;0,00
661A;300424160;ENV EC CIRTF 30PES2150TR;2600238;66;M;RM;vivant;3 085,000;0,000;0,000;1 419,10;0,00;0,00;3 085,00;1 419,10;0,00;0,00
661A;300424160;ENV EC CIRTF 30PES2150TR;2600245;66;M;RM;vivant;2 247,800;0,000;0,000;1 033,99;0,00;0,00;2 247,80;1 033,99;0,00;0,00
661A;300424160;ENV EC CIRTF 30PES2150TR;2600256;66;M;RM;vivant;32 489,700;0,000;0,000;14 945,25;0,00;0,00;32 489,70;14 945,25;0,00;0,00
661E;300424160;ENV EC CIRTF 30PES2150TR;2376836;66;M;RM;vivant;66,000;0,000;0,000;30,36;0,00;0,00;66,00;30,36;0,00;0,00
661E;300424160;ENV EC CIRTF 30PES2150TR;2376942;66;M;RM;vivant;66,000;0,000;0,000;30,36;0,00;0,00;66,00;30,36;0,00;0,00
661E;300424160;ENV EC CIRTF 30PES2150TR;2377038;66;M;RM;vivant;329,000;0,000;0,000;151,34;0,00;0,00;329,00;151,34;0,00;0,00
661E;300424160;ENV EC CIRTF 30PES2150TR;2600147;66;M;RM;vivant;18,400;0,000;0,000;8,46;0,00;0,00;18,40;8,46;0,00;0,00
661E;300424160;ENV EC CIRTF 30PES2150TR;2600176;66;M;RM;vivant;71,700;0,000;0,000;32,98;0,00;0,00;71,70;32,98;0,00;0,00
661E;300424160;ENV EC CIRTF 30PES2150TR;2600187;66;M;RM;vivant;129,300;0,000;0,000;59,48;0,00;0,00;129,30;59,48;0,00;0,00
661E;300424160;ENV EC CIRTF 30PES2150TR;2600205;66;M;RM;vivant;605,800;0,000;0,000;278,67;0,00;0,00;605,80;278,67;0,00;0,00
661E;300424160;ENV EC CIRTF 30PES2150TR;2600226;66;M;RM;vivant;552,100;0,000;0,000;253,97;0,00;0,00;552,10;253,97;0,00;0,00
661E;300424160;ENV EC CIRTF 30PES2150TR;2600245;66;M;RM;vivant;606,000;0,000;0,000;278,76;0,00;0,00;606,00;278,76;0,00;0,00
661E;300424160;ENV EC CIRTF 30PES2150TR;2600256;66;M;RM;vivant;1 635,000;0,000;0,000;752,10;0,00;0,00;1 635,00;752,10;0,00;0,00
662A;300424160;ENV EC CIRTF 30PES2150TR;2600094;66;M;RM;vivant;182,000;0,000;0,000;83,72;0,00;0,00;182,00;83,72;0,00;0,00
661E;310048219;DUVETINE PAMPLEMOU F681MISTRAL HZD L1470;2226344;66;M;RM;vivant;539,130;0,000;0,000;4 528,69;0,00;0,00;539,13;4 528,69;0,00;0,00
661A;331001767;SILICON SERGE NOIR CAL TSC L2000;1820613;66;M;FG;vivant;813,000;0,000;0,000;1 175,64;0,00;0,00;813,00;1 175,64;0,00;0,00
661A;331001927;CURITIBA G282 MISTRAL HZD L1920;2377120;66;M;FG;obsolète;1 028,530;0,000;0,000;2 527,30;0,00;0,00;1 028,53;2 527,30;0,00;0,00
661A;331002436;NILO GREY L1920;2371127;66;M;FG;vivant;0,000;0,000;298,770;0,00;0,00;1 350,09;0,00;0,00;298,77;1 350,09
661A;331002436;NILO GREY L1920;2383774;66;M;FG;vivant;0,000;0,000;520,700;0,00;0,00;2 352,95;0,00;0,00;520,70;2 352,95
661A;331002436;NILO GREY L1920;2394597;66;M;FG;vivant;623,810;0,000;0,000;2 818,89;0,00;0,00;623,81;2 818,89;0,00;0,00
661A;331002436;NILO GREY L1920;2394598;66;M;FG;vivant;0,000;0,000;690,650;0,00;0,00;3 120,93;0,00;0,00;690,65;3 120,93
661A;331006194;PES.DTY.0177F047X2.RND.SD.HRD.0105.RW.Y0;1618F1;66;KG;RM;vivant;105,000;0,000;0,000;379,05;0,00;0,00;105,00;379,05;0,00;0,00
661A;331017466;CURITIBA G345BITON BLANC SONIC HWL L1920;2286023;66;M;FG;vivant;0,000;0,000;319,080;0,00;0,00;1 033,37;0,00;0,00;319,08;1 033,37
661A;331017466;CURITIBA G345BITON BLANC SONIC HWL L1920;2293371;66;M;FG;vivant;0,000;0,000;180,610;0,00;0,00;584,92;0,00;0,00;180,61;584,92
661A;331017466;CURITIBA G345BITON BLANC SONIC HWL L1920;2329346;66;M;FG;vivant;0,000;0,000;326,650;0,00;0,00;1 057,88;0,00;0,00;326,65;1 057,88
661A;331017466;CURITIBA G345BITON BLANC SONIC HWL L1920;2394484;66;M;FG;vivant;1 396,570;0,000;0,000;4 522,90;0,00;0,00;1 396,57;4 522,90;0,00;0,00
661A;331017466;CURITIBA G345BITON BLANC SONIC HWL L1920;2394485;66;M;FG;vivant;591,220;0,000;0,000;1 914,71;0,00;0,00;591,22;1 914,71;0,00;0,00
661A;331017466;CURITIBA G345BITON BLANC SONIC HWL L1920;2399800;66;M;FG;vivant;1 305,580;0,000;0,000;4 228,23;0,00;0,00;1 305,58;4 228,23;0,00;0,00
661E;331017466;CURITIBA G345BITON BLANC SONIC HWL L1920;2390438;66;M;FG;vivant;389,920;0,000;0,000;1 262,79;0,00;0,00;389,92;1 262,79;0,00;0,00
661A;331021623;ENV BL CIRTF 42PES 2050 TR;2280109;66;M;RM;vivant;120,000;0,000;0,000;61,20;0,00;0,00;120,00;61,20;0,00;0,00
661A;331021623;ENV BL CIRTF 42PES 2050 TR;2318316;66;M;RM;vivant;30,000;0,000;0,000;15,30;0,00;0,00;30,00;15,30;0,00;0,00
661A;331021623;ENV BL CIRTF 42PES 2050 TR;2322585;66;M;RM;vivant;109,000;0,000;0,000;55,59;0,00;0,00;109,00;55,59;0,00;0,00
661A;331021623;ENV BL CIRTF 42PES 2050 TR;2332788;66;M;RM;vivant;552,000;0,000;0,000;281,52;0,00;0,00;552,00;281,52;0,00;0,00
661A;331021623;ENV BL CIRTF 42PES 2050 TR;2356326;66;M;RM;vivant;1 044,000;0,000;509,000;532,44;0,00;259,59;1 044,00;532,44;509,00;259,59
661A;331021623;ENV BL CIRTF 42PES 2050 TR;2366843;66;M;RM;vivant;537,000;0,000;0,000;273,87;0,00;0,00;537,00;273,87;0,00;0,00
661A;331021623;ENV BL CIRTF 42PES 2050 TR;2377249;66;M;RM;vivant;535,000;0,000;0,000;272,85;0,00;0,00;535,00;272,85;0,00;0,00
661A;331021623;ENV BL CIRTF 42PES 2050 TR;2377375;66;M;RM;vivant;1 503,000;0,000;0,000;766,53;0,00;0,00;1 503,00;766,53;0,00;0,00
661A;331021623;ENV BL CIRTF 42PES 2050 TR;2378143;66;M;RM;vivant;490,000;0,000;0,000;249,90;0,00;0,00;490,00;249,90;0,00;0,00
661A;331021623;ENV BL CIRTF 42PES 2050 TR;2379903;66;M;RM;vivant;512,000;0,000;0,000;261,12;0,00;0,00;512,00;261,12;0,00;0,00
661A;331021623;ENV BL CIRTF 42PES 2050 TR;2382711;66;M;RM;vivant;1 051,000;0,000;0,000;536,01;0,00;0,00;1 051,00;536,01;0,00;0,00
661A;331021623;ENV BL CIRTF 42PES 2050 TR;2389003;66;M;RM;vivant;2 146,000;0,000;0,000;1 094,46;0,00;0,00;2 146,00;1 094,46;0,00;0,00
661A;331021623;ENV BL CIRTF 42PES 2050 TR;2389125;66;M;RM;vivant;2 327,000;0,000;0,000;1 186,77;0,00;0,00;2 327,00;1 186,77;0,00;0,00
661A;331021623;ENV BL CIRTF 42PES 2050 TR;2600 246;66;M;RM;vivant;8 751,300;0,000;0,000;4 463,16;0,00;0,00;8 751,30;4 463,16;0,00;0,00
661A;331021623;ENV BL CIRTF 42PES 2050 TR;2600 264;66;M;RM;vivant;7 870,700;0,000;0,000;4 014,06;0,00;0,00;7 870,70;4 014,06;0,00;0,00
661A;331021623;ENV BL CIRTF 42PES 2050 TR;2600246;66;M;RM;vivant;4 961,000;0,000;0,000;2 530,11;0,00;0,00;4 961,00;2 530,11;0,00;0,00
661E;331021623;ENV BL CIRTF 42PES 2050 TR;2340722;66;M;RM;vivant;72,000;0,000;0,000;36,72;0,00;0,00;72,00;36,72;0,00;0,00
661E;331021623;ENV BL CIRTF 42PES 2050 TR;2341187;66;M;RM;vivant;57,585;0,000;0,000;29,37;0,00;0,00;57,59;29,37;0,00;0,00
661E;331021623;ENV BL CIRTF 42PES 2050 TR;2356326;66;M;RM;vivant;166,000;0,000;0,000;84,66;0,00;0,00;166,00;84,66;0,00;0,00
661E;331021623;ENV BL CIRTF 42PES 2050 TR;2358922;66;M;RM;vivant;24,000;0,000;0,000;12,24;0,00;0,00;24,00;12,24;0,00;0,00
661E;331021623;ENV BL CIRTF 42PES 2050 TR;2366843;66;M;RM;vivant;534,000;0,000;0,000;272,34;0,00;0,00;534,00;272,34;0,00;0,00
661E;331021623;ENV BL CIRTF 42PES 2050 TR;2378143;66;M;RM;vivant;468,000;0,000;0,000;238,68;0,00;0,00;468,00;238,68;0,00;0,00
661E;331021623;ENV BL CIRTF 42PES 2050 TR;2379903;66;M;RM;vivant;166,000;0,000;0,000;84,66;0,00;0,00;166,00;84,66;0,00;0,00
661E;331021623;ENV BL CIRTF 42PES 2050 TR;2382711;66;M;RM;vivant;169,000;0,000;0,000;86,19;0,00;0,00;169,00;86,19;0,00;0,00
661E;331021623;ENV BL CIRTF 42PES 2050 TR;2389125;66;M;RM;vivant;261,000;0,000;0,000;133,11;0,00;0,00;261,00;133,11;0,00;0,00
661E;331021623;ENV BL CIRTF 42PES 2050 TR;2389128;66;M;RM;vivant;67,000;0,000;0,000;34,17;0,00;0,00;67,00;34,17;0,00;0,00
661E;331021623;ENV BL CIRTF 42PES 2050 TR;2600246;66;M;RM;vivant;136,800;0,000;0,000;69,77;0,00;0,00;136,80;69,77;0,00;0,00
661A;332000158;YAR-PES FTF 3X166/36 TM TATANIDE APF;4S2005/10;66;KG;RM;vivant;140,000;0,000;0,000;351,95;0,00;0,00;140,00;351,95;0,00;0,00
661A;332000158;YAR-PES FTF 3X166/36 TM TATANIDE APF;4S2005/15;66;KG;RM;vivant;19 355,000;0,000;0,000;48 656,94;0,00;0,00;19 355,00;48 656,94;0,00;0,00
661C;332000158;YAR-PES FTF 3X166/36 TM TATANIDE APF;4S2005/11;66;KG;RM;vivant;349,000;0,000;0,000;877,36;0,00;0,00;349,00;877,36;0,00;0,00
662A;332000158;YAR-PES FTF 3X166/36 TM TATANIDE APF;4S2005/10;66;KG;RM;vivant;80,000;0,000;0,000;201,11;0,00;0,00;80,00;201,11;0,00;0,00
662A;332000158;YAR-PES FTF 3X166/36 TM TATANIDE APF;4S2005/11;66;KG;RM;vivant;6 458,000;0,000;0,000;16 234,90;0,00;0,00;6 458,00;16 234,90;0,00;0,00
661A;332000196;CHP-FELOSAN FOX;332000196;66;KG;RM;vivant;1 000,000;0,000;0,000;4 350,04;0,00;0,00;1 000,00;4 350,04;0,00;0,00
661E;332000196;CHP-FELOSAN FOX;332000196;66;KG;RM;vivant;613,038;0,000;0,000;2 666,74;0,00;0,00;613,04;2 666,74;0,00;0,00
661E;332000233;CHP-KYOLOX JR CONC;S332000233;66;KG;RM;vivant;120,000;0,000;0,000;969,60;0,00;0,00;120,00;969,60;0,00;0,00
661A;332000238;CHP-PROTE-SET AMB 328 G;332000238;66;KG;RM;vivant;120,000;0,000;0,000;464,40;0,00;0,00;120,00;464,40;0,00;0,00
661A;332000257;PAK-TUBE 100X110X2050;332000257;66;ST;RM;vivant;3 040,000;0,000;0,000;14 743,08;0,00;0,00;3 040,00;14 743,08;0,00;0,00
662A;332000257;PAK-TUBE 100X110X2050;332000257;66;ST;RM;vivant;2 850,000;0,000;0,000;13 821,64;0,00;0,00;2 850,00;13 821,64;0,00;0,00
661A;332000295;PAK-TUBE 100X122X2400;332000295;66;ST;RM;vivant;300,000;0,000;0,000;1 240,83;0,00;0,00;300,00;1 240,83;0,00;0,00
661A;332000337;PAK-GAINE 80CM EN 50 MICRON RECYCLER;;66;KG;RM;vivant;151,100;0,000;0,000;181,05;0,00;0,00;151,10;181,05;0,00;0,00
661B;332000337;PAK-GAINE 80CM EN 50 MICRON RECYCLER;;66;KG;RM;vivant;0,009;0,000;0,000;0,01;0,00;0,00;0,01;0,01;0,00;0,00
661A;332000351;FEUILLE PLASTIQUE 245cm;;66;KG;RM;vivant;1 556,400;0,000;0,000;2 394,46;0,00;0,00;1 556,40;2 394,46;0,00;0,00
661A;332000356;PAK-TUBE 70X78X2150;332000356;66;ST;RM;vivant;1 624,000;0,000;0,000;5 513,64;0,00;0,00;1 624,00;5 513,64;0,00;0,00
662A;332000356;PAK-TUBE 70X78X2150;332000356;66;ST;RM;vivant;812,000;0,000;0,000;2 756,82;0,00;0,00;812,00;2 756,82;0,00;0,00
661A;332000375;PAK-TUBE 152X172X2120;332000375;66;ST;RM;vivant;552,000;0,000;0,000;3 837,86;0,00;0,00;552,00;3 837,86;0,00;0,00
661A;332000394;MS GR SCS 337T 3,7MM 1960 MM FL;123489/02;66;M;RM;vivant;600,000;0,000;0,000;824,40;0,00;0,00;600,00;824,40;0,00;0,00
661A;332000394;MS GR SCS 337T 3,7MM 1960 MM FL;123814/01;66;M;RM;vivant;5 100,000;0,000;0,000;7 007,40;0,00;0,00;5 100,00;7 007,40;0,00;0,00
661E;332000394;MS GR SCS 337T 3,7MM 1960 MM FL;122755/01;66;M;RM;vivant;48,000;0,000;0,000;65,95;0,00;0,00;48,00;65,95;0,00;0,00
661E;332000394;MS GR SCS 337T 3,7MM 1960 MM FL;123489/02;66;M;RM;vivant;636,730;0,000;0,000;874,87;0,00;0,00;636,73;874,87;0,00;0,00
661E;332000394;MS GR SCS 337T 3,7MM 1960 MM FL;123814/01;66;M;RM;vivant;315,000;0,000;0,000;432,81;0,00;0,00;315,00;432,81;0,00;0,00
661A;332000412;MS GR SCS 337T 5,2MM 1960MM FL;123489/01;66;M;RM;vivant;960,000;0,000;0,000;1 806,72;0,00;0,00;960,00;1 806,72;0,00;0,00
661A;332000412;MS GR SCS 337T 5,2MM 1960MM FL;123682/01;66;M;RM;vivant;723,000;0,000;0,000;1 360,68;0,00;0,00;723,00;1 360,68;0,00;0,00
661A;332000431;MS GR SCS 337T 3,4MM 2040MM FL;120868/02;66;M;RM;obsolète;596,000;0,000;0,000;786,13;0,00;0,00;596,00;786,13;0,00;0,00
661E;332000431;MS GR SCS 337T 3,4MM 2040MM FL;120868/02;66;M;RM;obsolète;298,000;0,000;0,000;393,06;0,00;0,00;298,00;393,06;0,00;0,00
661E;332000431;MS GR SCS 337T 3,4MM 2040MM FL;121985/02;66;M;RM;obsolète;244,000;0,000;0,000;321,84;0,00;0,00;244,00;321,84;0,00;0,00
661E;332000431;MS GR SCS 337T 3,4MM 2040MM FL;122049/01;66;M;RM;obsolète;300,000;0,000;0,000;395,70;0,00;0,00;300,00;395,70;0,00;0,00
661E;332000431;MS GR SCS 337T 3,4MM 2040MM FL;123805/03;66;M;RM;obsolète;67,000;0,000;0,000;88,37;0,00;0,00;67,00;88,37;0,00;0,00
661A;332000450;MS GR SCS 337T 1,9MM 2040MM FL;123488/01;66;M;RM;vivant;6 413,000;0,000;0,000;5 066,27;0,00;0,00;6 413,00;5 066,27;0,00;0,00
661A;332000450;MS GR SCS 337T 1,9MM 2040MM FL;123680/03;66;M;RM;vivant;3 409,000;0,000;0,000;2 693,11;0,00;0,00;3 409,00;2 693,11;0,00;0,00
661A;332000450;MS GR SCS 337T 1,9MM 2040MM FL;123807/01;66;M;RM;vivant;6 249,000;0,000;0,000;4 936,71;0,00;0,00;6 249,00;4 936,71;0,00;0,00
661E;332000450;MS GR SCS 337T 1,9MM 2040MM FL;122351/01;66;M;RM;vivant;90,000;0,000;0,000;71,10;0,00;0,00;90,00;71,10;0,00;0,00
661E;332000450;MS GR SCS 337T 1,9MM 2040MM FL;123007/02;66;M;RM;vivant;110,000;0,000;0,000;86,90;0,00;0,00;110,00;86,90;0,00;0,00
661E;332000450;MS GR SCS 337T 1,9MM 2040MM FL;123270/02;66;M;RM;vivant;282,000;0,000;0,000;222,78;0,00;0,00;282,00;222,78;0,00;0,00
661E;332000450;MS GR SCS 337T 1,9MM 2040MM FL;123488/01;66;M;RM;vivant;294,000;0,000;0,000;232,26;0,00;0,00;294,00;232,26;0,00;0,00
661E;332000450;MS GR SCS 337T 1,9MM 2040MM FL;123680/03;66;M;RM;vivant;158,000;0,000;0,000;124,82;0,00;0,00;158,00;124,82;0,00;0,00
661E;332000450;MS GR SCS 337T 1,9MM 2040MM FL;123807/01;66;M;RM;vivant;31,000;0,000;0,000;24,49;0,00;0,00;31,00;24,49;0,00;0,00
661A;332000474;MS EL38VWM LF 4,8MM 1960MM TG;2440084004;66;M;RM;vivant;26,100;0,000;0,000;44,95;0,00;0,00;26,10;44,95;0,00;0,00
661A;332000474;MS EL38VWM LF 4,8MM 1960MM TG;2451074013;66;M;RM;vivant;169,500;0,000;0,000;291,88;0,00;0,00;169,50;291,88;0,00;0,00
662A;332000498;MS AE28BF 2,7MM 1600MM TG;2305081020;66;M;RM;vivant;482,800;0,000;0,000;0,00;0,00;0,00;482,80;0,00;0,00;0,00
662A;332000498;MS AE28BF 2,7MM 1600MM TG;2326079008;66;M;RM;vivant;473,000;0,000;0,000;0,00;0,00;0,00;473,00;0,00;0,00;0,00
662A;332000498;MS AE28BF 2,7MM 1600MM TG;2331092002;66;M;RM;vivant;471,000;0,000;0,000;0,00;0,00;0,00;471,00;0,00;0,00;0,00
662A;332000498;MS AE28BF 2,7MM 1600MM TG;2331092005;66;M;RM;vivant;470,000;0,000;0,000;0,00;0,00;0,00;470,00;0,00;0,00;0,00
661A;332000559;MS AE28BF GT 2040*5,6 TG;2509083005;66;M;RM;vivant;122,300;0,000;0,000;191,89;0,00;0,00;122,30;191,89;0,00;0,00
661E;332000559;MS AE28BF GT 2040*5,6 TG;2521073002;66;M;RM;vivant;162,000;0,000;0,000;254,18;0,00;0,00;162,00;254,18;0,00;0,00
661E;332000559;MS AE28BF GT 2040*5,6 TG;2521073003;66;M;RM;vivant;54,079;0,000;0,000;84,85;0,00;0,00;54,08;84,85;0,00;0,00
661E;332000559;MS AE28BF GT 2040*5,6 TG;2521073005;66;M;RM;vivant;60,100;0,000;0,000;94,30;0,00;0,00;60,10;94,30;0,00;0,00
661E;332000559;MS AE28BF GT 2040*5,6 TG;2607084002;66;M;RM;vivant;105,000;0,000;0,000;164,75;0,00;0,00;105,00;164,75;0,00;0,00
661A;332000578;ENV EC REC BL PA6 059 FR;2276028;66;M;RM;vivant;254,386;0,000;0,000;251,84;0,00;0,00;254,39;251,84;0,00;0,00
661E;332000578;ENV EC REC BL PA6 059 FR;2219972;66;M;RM;vivant;68,160;0,000;0,000;67,48;0,00;0,00;68,16;67,48;0,00;0,00
661E;332000578;ENV EC REC BL PA6 059 FR;2276028;66;M;RM;vivant;301,016;0,000;0,000;298,01;0,00;0,00;301,02;298,01;0,00;0,00
662A;332000578;ENV EC REC BL PA6 059 FR;2219972;66;M;RM;vivant;622,807;0,000;0,000;616,58;0,00;0,00;622,81;616,58;0,00;0,00
662A;332000578;ENV EC REC BL PA6 059 FR;2276028;66;M;RM;vivant;535,088;0,000;0,000;529,74;0,00;0,00;535,09;529,74;0,00;0,00
661D;332000714;TWY-PES FTF 3X175 TMR ARTG 150T S ANT;2 78559;66;KG;WIP;vivant;55,000;0,000;0,000;297,99;0,00;0,00;55,00;297,99;0,00;0,00
662A;332000714;TWY-PES FTF 3X175 TMR ARTG 150T S ANT;280593;66;KG;WIP;vivant;12,000;0,000;0,000;65,02;0,00;0,00;12,00;65,02;0,00;0,00
661A;332001402;YAR-PES FTF 3X150D/48 TM NOIR APF;4S1978/28;66;KG;RM;vivant;2 785,410;0,000;0,000;5 449,70;0,00;0,00;2 785,41;5 449,70;0,00;0,00
661C;332001402;YAR-PES FTF 3X150D/48 TM NOIR APF;4S1978/28;66;KG;RM;vivant;138,401;0,000;0,000;270,78;0,00;0,00;138,40;270,78;0,00;0,00
662A;332001402;YAR-PES FTF 3X150D/48 TM NOIR APF;4S51807;66;KG;RM;vivant;30,000;0,000;0,000;58,70;0,00;0,00;30,00;58,70;0,00;0,00
662A;332001402;YAR-PES FTF 3X150D/48 TM NOIR APF;OBS026;66;KG;RM;vivant;176,200;0,000;0,000;344,74;0,00;0,00;176,20;344,74;0,00;0,00
;332001568;YAR-PES FTF 2X168/48 FE ECRU NOYF;30640;66;KG;RM;vivant;119,696;0,000;0,000;521,87;0,00;0,00;119,70;521,87;0,00;0,00
661D;332001568;YAR-PES FTF 2X168/48 FE ECRU NOYF;30416;66;KG;RM;vivant;56,000;0,000;0,000;244,16;0,00;0,00;56,00;244,16;0,00;0,00
661D;332001568;YAR-PES FTF 2X168/48 FE ECRU NOYF;79625;66;KG;RM;vivant;42,000;0,000;0,000;183,12;0,00;0,00;42,00;183,12;0,00;0,00
662A;332001568;YAR-PES FTF 2X168/48 FE ECRU NOYF;79288;66;KG;RM;vivant;119,320;0,000;0,000;520,24;0,00;0,00;119,32;520,24;0,00;0,00
662A;332001568;YAR-PES FTF 2X168/48 FE ECRU NOYF;79625;66;KG;RM;vivant;178,000;0,000;0,000;776,08;0,00;0,00;178,00;776,08;0,00;0,00
;332001582;YAR-PES FTF 3X177/48 FE ECRU NOYF;79598;66;KG;RM;vivant;17,260;0,000;0,000;76,98;0,00;0,00;17,26;76,98;0,00;0,00
661D;332001582;YAR-PES FTF 3X177/48 FE ECRU NOYF;30643;66;KG;RM;vivant;138,000;0,000;0,000;615,48;0,00;0,00;138,00;615,48;0,00;0,00
661D;332001582;YAR-PES FTF 3X177/48 FE ECRU NOYF;30741;66;KG;RM;vivant;82,000;0,000;0,000;365,72;0,00;0,00;82,00;365,72;0,00;0,00
661D;332001582;YAR-PES FTF 3X177/48 FE ECRU NOYF;31095;66;KG;RM;vivant;145,000;0,000;0,000;646,70;0,00;0,00;145,00;646,70;0,00;0,00
662A;332001582;YAR-PES FTF 3X177/48 FE ECRU NOYF;07158155T1;66;KG;RM;vivant;74,040;0,000;0,000;330,22;0,00;0,00;74,04;330,22;0,00;0,00
662A;332001582;YAR-PES FTF 3X177/48 FE ECRU NOYF;30243;66;KG;RM;vivant;95,000;0,000;0,000;423,70;0,00;0,00;95,00;423,70;0,00;0,00
662A;332001582;YAR-PES FTF 3X177/48 FE ECRU NOYF;79788;66;KG;RM;vivant;28,000;0,000;0,000;124,88;0,00;0,00;28,00;124,88;0,00;0,00
661D;332001742;YAR-PES FTF 2X177/48 TM BISE POLY;R5327;66;KG;RM;vivant;159,738;0,000;0,000;522,34;0,00;0,00;159,74;522,34;0,00;0,00
661D;332001747;YAR-PES FTF 3X177/48 TM BISE POLY;R93154;66;KG;RM;vivant;140,000;0,000;0,000;471,80;0,00;0,00;140,00;471,80;0,00;0,00
662A;332001747;YAR-PES FTF 3X177/48 TM BISE POLY;R93154;66;KG;RM;vivant;513,800;0,000;0,000;1 731,51;0,00;0,00;513,80;1 731,51;0,00;0,00
661A;332001827;YAR-PES FTF 3X178/48 TM 1ECR/2NOIR ANT;354312;66;KG;RM;vivant;29,700;0,000;0,000;119,09;0,00;0,00;29,70;119,09;0,00;0,00
662A;332001827;YAR-PES FTF 3X178/48 TM 1ECR/2NOIR ANT;354312;66;KG;RM;vivant;54,130;0,000;0,000;217,06;0,00;0,00;54,13;217,06;0,00;0,00
662A;332001926;TWY-PES/TENCE 50-50 2/60NM ECR/ECR BOR;3420;66;KG;RM;obsolète;552,000;0,000;0,000;3 781,20;0,00;0,00;552,00;3 781,20;0,00;0,00
661C;332001964;YAR-PES FTF 1X175/48 BI50 FE ECRU ANT;358400;66;KG;RM;vivant;1 450,000;0,000;0,000;6 162,50;0,00;0,00;1 450,00;6 162,50;0,00;0,00
662A;332001964;YAR-PES FTF 1X175/48 BI50 FE ECRU ANT;283127;66;KG;RM;vivant;122,000;0,000;0,000;518,50;0,00;0,00;122,00;518,50;0,00;0,00
661A;332002058;YAR-PES FTF 3X178/48 TM 2ECR/1NOIR ANT;354975;66;KG;RM;vivant;4 453,380;0,000;0,000;0,00;0,00;0,00;4 453,38;0,00;0,00;0,00
661C;332002058;YAR-PES FTF 3X178/48 TM 2ECR/1NOIR ANT;352676;66;KG;RM;vivant;264,000;0,000;0,000;1 256,64;0,00;0,00;264,00;1 256,64;0,00;0,00
661D;332002058;YAR-PES FTF 3X178/48 TM 2ECR/1NOIR ANT;352676;66;KG;RM;vivant;606,260;0,000;0,000;2 885,80;0,00;0,00;606,26;2 885,80;0,00;0,00
662A;332002058;YAR-PES FTF 3X178/48 TM 2ECR/1NOIR ANT;352676;66;KG;RM;vivant;1 167,730;0,000;0,000;5 558,39;0,00;0,00;1 167,73;5 558,39;0,00;0,00
662A;332002058;YAR-PES FTF 3X178/48 TM 2ECR/1NOIR ANT;352676;66;KG;RM;vivant;1 645,000;0,000;0,000;0,00;0,00;0,00;1 645,00;0,00;0,00;0,00
661A;332002077;YAR-PES FTF 3X178/48 TM 2ECR/1BISE ANT;354706;66;KG;RM;vivant;3 480,280;0,000;0,000;0,00;0,00;0,00;3 480,28;0,00;0,00;0,00
661A;332002077;YAR-PES FTF 3X178/48 TM 2ECR/1BISE ANT;356716;66;KG;RM;vivant;3 795,840;0,000;0,000;0,00;0,00;0,00;3 795,84;0,00;0,00;0,00
662A;332002077;YAR-PES FTF 3X178/48 TM 2ECR/1BISE ANT;352779;66;KG;RM;vivant;576,410;0,000;0,000;0,00;0,00;0,00;576,41;0,00;0,00;0,00
661D;332002091;YAR-PES FTF 2X180/48 TM 1ECR/1PISA ANT;239594;66;KG;RM;obsolète;3,350;0,000;0,000;13,94;0,00;0,00;3,35;13,94;0,00;0,00
662A;332002091;YAR-PES FTF 2X180/48 TM 1ECR/1PISA ANT;351527;66;KG;RM;obsolète;4 281,490;0,000;0,000;17 811,01;0,00;0,00;4 281,49;17 811,01;0,00;0,00
662A;332002171;LAM-NILO NEGRO GRIS 1900MM 4MM;1873632;66;M;FG;vivant;181,350;0,000;0,000;1 338,10;0,00;0,00;181,35;1 338,10;0,00;0,00
661A;332002195;FT-CLIP TITANSCWARZ 192 CM 230 GM2;2340072;66;M;FG;vivant;1,000;0,000;0,000;2,31;0,00;0,00;1,00;2,31;0,00;0,00
661A;332002195;FT-CLIP TITANSCWARZ 192 CM 230 GM2;2353458;66;M;FG;vivant;0,000;0,000;533,230;0,00;0,00;1 232,65;0,00;0,00;533,23;1 232,65
661A;332002195;FT-CLIP TITANSCWARZ 192 CM 230 GM2;2356218;66;M;FG;vivant;0,000;278,310;0,000;0,00;643,36;0,00;278,31;643,36;0,00;0,00
661A;332002195;FT-CLIP TITANSCWARZ 192 CM 230 GM2;2371523;66;M;FG;vivant;0,000;0,000;854,960;0,00;0,00;1 976,38;0,00;0,00;854,96;1 976,38
661A;332002195;FT-CLIP TITANSCWARZ 192 CM 230 GM2;2400159;66;M;FG;vivant;0,000;420,320;0,000;0,00;971,64;0,00;420,32;971,64;0,00;0,00
661A;332002195;FT-CLIP TITANSCWARZ 192 CM 230 GM2;2400161;66;M;FG;vivant;0,000;873,120;0,000;0,00;2 018,36;0,00;873,12;2 018,36;0,00;0,00
661A;332002195;FT-CLIP TITANSCWARZ 192 CM 230 GM2;2400180;66;M;FG;vivant;0,000;331,770;0,000;0,00;766,94;0,00;331,77;766,94;0,00;0,00
661A;332002195;FT-CLIP TITANSCWARZ 192 CM 230 GM2;2401311;66;M;FG;vivant;0,000;967,640;0,000;0,00;2 236,85;0,00;967,64;2 236,85;0,00;0,00
661A;332002195;FT-CLIP TITANSCWARZ 192 CM 230 GM2;2401733;66;M;FG;vivant;0,000;861,170;0,000;0,00;1 990,73;0,00;861,17;1 990,73;0,00;0,00
661E;332002195;FT-CLIP TITANSCWARZ 192 CM 230 GM2;2324765;66;M;FG;vivant;53,170;0,000;0,000;122,91;0,00;0,00;53,17;122,91;0,00;0,00
661A;332003628;WT-SPAIN BRASILIA GRIEFEL ARJET P231 D22;230661730J;66;M;WIP;vivant;0,000;0,000;826,000;0,00;0,00;2 223,34;0,00;0,00;826,00;2 223,34
661A;332003628;WT-SPAIN BRASILIA GRIEFEL ARJET P231 D22;232262430B;66;M;WIP;vivant;0,000;10,000;0,000;0,00;26,92;0,00;10,00;26,92;0,00;0,00
661A;332003746;WT-SPAIN SERGE SILICON EC ARJET P231 D20;239560237B;66;M;WIP;vivant;42,000;0,000;0,000;52,92;0,00;0,00;42,00;52,92;0,00;0,00
661A;332003746;WT-SPAIN SERGE SILICON EC ARJET P231 D20;240052137C;66;M;WIP;vivant;1 195,000;460,000;0,000;1 505,72;579,61;0,00;1 655,00;2 085,33;0,00;0,00
661A;332005424;WA-CURI 3X176 TM NOIR P225X18 APF B;2401813;66;M;WIP;vivant;10 300,000;0,000;0,000;4 485,24;0,00;0,00;10 300,00;4 485,24;0,00;0,00
661A;332005689;ENV REC PA6 024 215 ECRU;2280238;66;M;RM;vivant;197,000;0,000;133,000;80,77;0,00;54,53;197,00;80,77;133,00;54,53
661E;332005689;ENV REC PA6 024 215 ECRU;2210779;66;M;RM;vivant;20,000;0,000;0,000;8,20;0,00;0,00;20,00;8,20;0,00;0,00
661E;332005689;ENV REC PA6 024 215 ECRU;2280238;66;M;RM;vivant;455,000;0,000;0,000;186,55;0,00;0,00;455,00;186,55;0,00;0,00
663A;332005721;FT-CURITIBA MELTEM 275GR 192 CM;1947964;66;M;FG;vivant;386,600;0,000;0,000;889,37;0,00;0,00;386,60;889,37;0,00;0,00
661A;332005967;WT-TUN CLIP TITAN;229873716U;66;M;WIP;vivant;476,000;0,000;0,000;833,74;0,00;0,00;476,00;833,74;0,00;0,00
661A;332005967;WT-TUN CLIP TITAN;231352216U;66;M;WIP;vivant;473,000;0,000;0,000;828,48;0,00;0,00;473,00;828,48;0,00;0,00
661E;332005967;WT-TUN CLIP TITAN;232494816U;66;M;WIP;vivant;393,000;0,000;0,000;688,36;0,00;0,00;393,00;688,36;0,00;0,00
661A;332006292;WT-SPAIN BRASILIA CHINE MISTRAL;239553030D;66;M;WIP;vivant;660,000;0,000;0,000;1 288,87;0,00;0,00;660,00;1 288,87;0,00;0,00
662A;332006452;TWY-PES FTF 2X194 TMR SILS 150T S ANT;252829;66;KG;RM;obsolète;54,730;0,000;0,000;405,00;0,00;0,00;54,73;405,00;0,00;0,00
661A;332006631;YAR-PES TASLAN 1X380/136 TM DARK SPI ANT;355730;66;KG;RM;vivant;1 842,920;0,000;0,000;0,00;0,00;0,00;1 842,92;0,00;0,00;0,00
661D;332006631;YAR-PES TASLAN 1X380/136 TM DARK SPI ANT;352928;66;KG;RM;vivant;8,390;0,000;0,000;36,50;0,00;0,00;8,39;36,50;0,00;0,00
662A;332006631;YAR-PES TASLAN 1X380/136 TM DARK SPI ANT;342785;66;KG;RM;vivant;12,520;0,000;0,000;0,00;0,00;0,00;12,52;0,00;0,00;0,00
662A;332006631;YAR-PES TASLAN 1X380/136 TM DARK SPI ANT;351594;66;KG;RM;vivant;41,500;0,000;0,000;0,00;0,00;0,00;41,50;0,00;0,00;0,00
662A;332006631;YAR-PES TASLAN 1X380/136 TM DARK SPI ANT;352160;66;KG;RM;vivant;140,830;0,000;0,000;0,00;0,00;0,00;140,83;0,00;0,00;0,00
662A;332006631;YAR-PES TASLAN 1X380/136 TM DARK SPI ANT;353571;66;KG;RM;vivant;10,200;0,000;0,000;0,00;0,00;0,00;10,20;0,00;0,00;0,00
661A;332006735;FT-CLIP SOUL 1920MM 230GR;2345478;66;M;FG;vivant;0,000;0,000;100,010;0,00;0,00;227,71;0,00;0,00;100,01;227,71
661A;332006735;FT-CLIP SOUL 1920MM 230GR;2348905;66;M;FG;vivant;0,000;0,000;501,090;0,00;0,00;1 140,93;0,00;0,00;501,09;1 140,93
661A;332006735;FT-CLIP SOUL 1920MM 230GR;2350684;66;M;FG;vivant;0,000;0,000;870,860;0,00;0,00;1 982,86;0,00;0,00;870,86;1 982,86
661A;332006735;FT-CLIP SOUL 1920MM 230GR;2365129;66;M;FG;vivant;0,000;761,770;0,000;0,00;1 734,47;0,00;761,77;1 734,47;0,00;0,00
661A;332006735;FT-CLIP SOUL 1920MM 230GR;2366663;66;M;FG;vivant;0,000;0,000;772,580;0,00;0,00;1 759,09;0,00;0,00;772,58;1 759,09
661A;332006735;FT-CLIP SOUL 1920MM 230GR;2394214;66;M;FG;vivant;0,000;870,370;0,000;0,00;1 981,75;0,00;870,37;1 981,75;0,00;0,00
661A;332006735;FT-CLIP SOUL 1920MM 230GR;2394952;66;M;FG;vivant;574,880;0,000;0,000;1 308,94;0,00;0,00;574,88;1 308,94;0,00;0,00
661A;332006735;FT-CLIP SOUL 1920MM 230GR;2398378;66;M;FG;vivant;680,970;0,000;0,000;1 550,50;0,00;0,00;680,97;1 550,50;0,00;0,00
661A;332006735;FT-CLIP SOUL 1920MM 230GR;2400148;66;M;FG;vivant;879,800;0,000;0,000;2 003,22;0,00;0,00;879,80;2 003,22;0,00;0,00
661A;332006735;FT-CLIP SOUL 1920MM 230GR;2400296;66;M;FG;vivant;795,480;0,000;0,000;1 811,23;0,00;0,00;795,48;1 811,23;0,00;0,00
661A;332006735;FT-CLIP SOUL 1920MM 230GR;2400297;66;M;FG;vivant;885,320;0,000;0,000;2 015,78;0,00;0,00;885,32;2 015,78;0,00;0,00
661A;332006735;FT-CLIP SOUL 1920MM 230GR;2400573;66;M;FG;vivant;0,000;884,370;0,000;0,00;2 013,62;0,00;884,37;2 013,62;0,00;0,00
661A;332006735;FT-CLIP SOUL 1920MM 230GR;2400654;66;M;FG;vivant;0,000;866,300;0,000;0,00;1 972,48;0,00;866,30;1 972,48;0,00;0,00
661A;332006735;FT-CLIP SOUL 1920MM 230GR;2400655;66;M;FG;vivant;0,000;380,760;0,000;0,00;866,95;0,00;380,76;866,95;0,00;0,00
661A;332006735;FT-CLIP SOUL 1920MM 230GR;2400656;66;M;FG;vivant;0,000;474,280;0,000;0,00;1 079,89;0,00;474,28;1 079,89;0,00;0,00
661A;332006735;FT-CLIP SOUL 1920MM 230GR;2401784;66;M;FG;vivant;0,000;884,910;0,000;0,00;2 014,85;0,00;884,91;2 014,85;0,00;0,00
661A;332006735;FT-CLIP SOUL 1920MM 230GR;2401802;66;M;FG;vivant;0,000;872,800;0,000;0,00;1 987,28;0,00;872,80;1 987,28;0,00;0,00
661A;332006735;FT-CLIP SOUL 1920MM 230GR;2401805;66;M;FG;vivant;0,000;878,030;0,000;0,00;1 999,19;0,00;878,03;1 999,19;0,00;0,00
661A;332006735;FT-CLIP SOUL 1920MM 230GR;2401825;66;M;FG;vivant;0,000;889,520;0,000;0,00;2 025,35;0,00;889,52;2 025,35;0,00;0,00
661A;332006815;YAR-PES FTF 1X175/48 TM NOIR FIFTY;D14044;66;KG;RM;vivant;2 875,000;0,000;0,000;6 037,50;0,00;0,00;2 875,00;6 037,50;0,00;0,00
661D;332006815;YAR-PES FTF 1X175/48 TM NOIR FIFTY;D14044;66;KG;RM;vivant;234,741;0,000;0,000;492,96;0,00;0,00;234,74;492,96;0,00;0,00
662A;332006815;YAR-PES FTF 1X175/48 TM NOIR FIFTY;C15064;66;KG;RM;vivant;35,000;0,000;0,000;73,50;0,00;0,00;35,00;73,50;0,00;0,00
662A;332006815;YAR-PES FTF 1X175/48 TM NOIR FIFTY;D14044;66;KG;RM;vivant;490,000;0,000;0,000;1 029,00;0,00;0,00;490,00;1 029,00;0,00;0,00
661A;332006990;WT-TUN CLIP SOUL;231365506F;66;M;WIP;vivant;0,000;403,000;0,000;0,00;702,78;0,00;403,00;702,78;0,00;0,00
661A;332006990;WT-TUN CLIP SOUL;232008804F;66;M;WIP;vivant;0,000;0,000;150,000;0,00;0,00;261,58;0,00;0,00;150,00;261,58
661A;332006990;WT-TUN CLIP SOUL;232530004F;66;M;WIP;vivant;0,000;0,000;95,000;0,00;0,00;165,67;0,00;0,00;95,00;165,67
661A;332006990;WT-TUN CLIP SOUL;237181304F;66;M;WIP;vivant;0,000;0,000;47,000;0,00;0,00;81,96;0,00;0,00;47,00;81,96
661A;332006990;WT-TUN CLIP SOUL;238083419F;66;M;WIP;vivant;400,000;0,000;0,000;697,54;0,00;0,00;400,00;697,54;0,00;0,00
661A;332006990;WT-TUN CLIP SOUL;238325206F;66;M;WIP;vivant;0,000;0,000;22,000;0,00;0,00;38,36;0,00;0,00;22,00;38,36
661A;332006990;WT-TUN CLIP SOUL;240019906F;66;M;WIP;vivant;1 000,000;0,000;0,000;1 743,86;0,00;0,00;1 000,00;1 743,86;0,00;0,00
661A;332007183;WT-TUN CLIP TITAN P176;240003211I;66;M;WIP;vivant;1 000,000;0,000;0,000;1 413,84;0,00;0,00;1 000,00;1 413,84;0,00;0,00
661A;332007201;FT-CLIP TITANSCWARZ 155 CM 230 GM2 FUT;2395550;66;M;FG;vivant;479,800;0,000;0,000;912,22;0,00;0,00;479,80;912,22;0,00;0,00
661A;332007201;FT-CLIP TITANSCWARZ 155 CM 230 GM2 FUT;2398504;66;M;FG;vivant;891,710;0,000;0,000;1 695,36;0,00;0,00;891,71;1 695,36;0,00;0,00
661A;332007201;FT-CLIP TITANSCWARZ 155 CM 230 GM2 FUT;2399810;66;M;FG;vivant;901,590;0,000;0,000;1 714,15;0,00;0,00;901,59;1 714,15;0,00;0,00
661A;332007201;FT-CLIP TITANSCWARZ 155 CM 230 GM2 FUT;2400252;66;M;FG;vivant;736,750;0,000;0,000;1 400,74;0,00;0,00;736,75;1 400,74;0,00;0,00
661A;332007201;FT-CLIP TITANSCWARZ 155 CM 230 GM2 FUT;2400572;66;M;FG;vivant;0,000;830,190;0,000;0,00;1 578,40;0,00;830,19;1 578,40;0,00;0,00
;332007206;YAR-PES FTF 2X170/48 TM NOIR FIFTY;C35039;66;KG;RM;vivant;5,010;0,000;0,000;9,57;0,00;0,00;5,01;9,57;0,00;0,00
661A;332007206;YAR-PES FTF 2X170/48 TM NOIR FIFTY;C35039;66;KG;RM;vivant;30 500,000;0,000;0,000;58 255,00;0,00;0,00;30 500,00;58 255,00;0,00;0,00
661C;332007206;YAR-PES FTF 2X170/48 TM NOIR FIFTY;C35039;66;KG;RM;vivant;500,000;0,000;0,000;955,00;0,00;0,00;500,00;955,00;0,00;0,00
661D;332007206;YAR-PES FTF 2X170/48 TM NOIR FIFTY;C35039;66;KG;RM;vivant;19,500;0,000;0,000;37,25;0,00;0,00;19,50;37,25;0,00;0,00
662A;332007206;YAR-PES FTF 2X170/48 TM NOIR FIFTY;C35039;66;KG;RM;vivant;26 625,000;0,000;0,000;50 853,75;0,00;0,00;26 625,00;50 853,75;0,00;0,00
661A;332007225;YAR-PES 1X160 WHITE AB TN;332007225;66;KG;RM;vivant;1 358,000;0,000;0,000;2 987,60;0,00;0,00;1 358,00;2 987,60;0,00;0,00
661A;332007602;WT-TUN BRASILIA MISTRAL P225;230893407M;66;M;WIP;vivant;400,000;0,000;0,000;622,87;0,00;0,00;400,00;622,87;0,00;0,00
661A;332007602;WT-TUN BRASILIA MISTRAL P225;236762605A;66;M;WIP;vivant;540,000;0,000;0,000;840,87;0,00;0,00;540,00;840,87;0,00;0,00
661A;332007602;WT-TUN BRASILIA MISTRAL P225;237242315O;66;M;WIP;vivant;150,000;0,000;0,000;233,58;0,00;0,00;150,00;233,58;0,00;0,00
661A;332007602;WT-TUN BRASILIA MISTRAL P225;237773005A;66;M;WIP;vivant;0,000;0,000;43,000;0,00;0,00;66,96;0,00;0,00;43,00;66,96
661A;332007602;WT-TUN BRASILIA MISTRAL P225;238267115A;66;M;WIP;vivant;506,000;0,000;0,000;787,93;0,00;0,00;506,00;787,93;0,00;0,00
661A;332007602;WT-TUN BRASILIA MISTRAL P225;239068720A;66;M;WIP;vivant;450,000;0,000;0,000;700,73;0,00;0,00;450,00;700,73;0,00;0,00
661A;332007602;WT-TUN BRASILIA MISTRAL P225;240167005R;66;M;WIP;vivant;50,000;0,000;0,000;77,86;0,00;0,00;50,00;77,86;0,00;0,00
661A;332007602;WT-TUN BRASILIA MISTRAL P225;240172805A;66;M;WIP;vivant;700,000;0,000;0,000;1 090,02;0,00;0,00;700,00;1 090,02;0,00;0,00
;332007763;YAR-PES FTF 3X175/48 TM ART GREY APF;4P1251/6;66;KG;RM;vivant;4,969;0,000;0,000;11,93;0,00;0,00;4,97;11,93;0,00;0,00
661A;332007763;YAR-PES FTF 3X175/48 TM ART GREY APF;4P1251/7;66;KG;RM;vivant;2 338,890;0,000;0,000;5 613,33;0,00;0,00;2 338,89;5 613,33;0,00;0,00
661F;332007763;YAR-PES FTF 3X175/48 TM ART GREY APF;4P1251/7;66;KG;RM;vivant;389,060;0,000;0,000;933,74;0,00;0,00;389,06;933,74;0,00;0,00
661E;332007867;WT-TUN CURITIBA MISTRAL;237151028A;66;M;WIP;vivant;1 600,000;0,000;0,000;3 027,66;0,00;0,00;1 600,00;3 027,66;0,00;0,00
661A;332007923;WT-TUN CURITIBA GRISTAV;210753522E;66;M;WIP;vivant;502,000;0,000;0,000;1 177,19;0,00;0,00;502,00;1 177,19;0,00;0,00
661A;332007947;WT-TUN CURITIBA NOIR ECRU;232115624D;66;M;WIP;vivant;300,000;0,000;0,000;759,19;0,00;0,00;300,00;759,19;0,00;0,00
661A;332007947;WT-TUN CURITIBA NOIR ECRU;237724709D;66;M;WIP;vivant;327,000;0,000;0,000;827,52;0,00;0,00;327,00;827,52;0,00;0,00
661A;332008178;TWY-PES FTF 2X167/34 TMR SEAQ 350T S ANT;348296;66;KG;RM;vivant;95,000;0,000;0,000;806,55;0,00;0,00;95,00;806,55;0,00;0,00
661B;332008178;TWY-PES FTF 2X167/34 TMR SEAQ 350T S ANT;304985;66;KG;RM;vivant;0,190;0,000;0,000;0,00;0,00;0,00;0,19;0,00;0,00;0,00
662A;332008178;TWY-PES FTF 2X167/34 TMR SEAQ 350T S ANT;348296;66;KG;RM;vivant;50,940;0,000;0,000;0,00;0,00;0,00;50,94;0,00;0,00;0,00
662A;332008178;TWY-PES FTF 2X167/34 TMR SEAQ 350T S ANT;353452;66;KG;RM;vivant;2 084,200;0,000;0,000;0,00;0,00;0,00;2 084,20;0,00;0,00;0,00
661A;332008192;YAR-PES FTF 2X167/34 TM SEAQUAL ANT;352325;66;KG;RM;vivant;20,180;0,000;0,000;0,00;0,00;0,00;20,18;0,00;0,00;0,00
661D;332008192;YAR-PES FTF 2X167/34 TM SEAQUAL ANT;347107;66;KG;RM;vivant;70,000;0,000;0,000;520,10;0,00;0,00;70,00;520,10;0,00;0,00
662A;332008192;YAR-PES FTF 2X167/34 TM SEAQUAL ANT;347107;66;KG;RM;vivant;300,170;0,000;0,000;0,00;0,00;0,00;300,17;0,00;0,00;0,00
662A;332008192;YAR-PES FTF 2X167/34 TM SEAQUAL ANT;352325;66;KG;RM;vivant;991,410;0,000;0,000;0,00;0,00;0,00;991,41;0,00;0,00;0,00
661A;332008197;TWY-PES LIS 1X330/96 TMR GHIS 150T Z NOY;74VY/SA;66;KG;RM;vivant;210,000;0,000;0,000;1 957,20;0,00;0,00;210,00;1 957,20;0,00;0,00
661D;332008197;TWY-PES LIS 1X330/96 TMR GHIS 150T Z NOY;31WY/SA;66;KG;RM;vivant;140,000;0,000;0,000;1 304,80;0,00;0,00;140,00;1 304,80;0,00;0,00
662A;332008197;TWY-PES LIS 1X330/96 TMR GHIS 150T Z NOY;15LY/SA;66;KG;RM;vivant;30,000;0,000;0,000;279,60;0,00;0,00;30,00;279,60;0,00;0,00
661A;332008296;FT-GOMERA SEAQUAL 250GR 192CM;2340105;66;M;FG;vivant;0,000;0,000;126,980;0,00;0,00;781,62;0,00;0,00;126,98;781,62
661A;332008296;FT-GOMERA SEAQUAL 250GR 192CM;2341218;66;M;FG;vivant;0,000;0,000;165,380;0,00;0,00;1 017,99;0,00;0,00;165,38;1 017,99
661A;332008296;FT-GOMERA SEAQUAL 250GR 192CM;2353464;66;M;FG;vivant;0,000;0,000;109,480;0,00;0,00;673,90;0,00;0,00;109,48;673,90
661A;332008296;FT-GOMERA SEAQUAL 250GR 192CM;2371351;66;M;FG;vivant;1,030;0,000;0,000;6,34;0,00;0,00;1,03;6,34;0,00;0,00
661A;332008296;FT-GOMERA SEAQUAL 250GR 192CM;2384760;66;M;FG;vivant;0,000;0,000;337,970;0,00;0,00;2 080,36;0,00;0,00;337,97;2 080,36
661A;332008314;LAM-GOMERA SEAQUAL 1900MM 3MM;2372329;66;M;FG;vivant;93,380;0,000;0,000;819,53;0,00;0,00;93,38;819,53;0,00;0,00
661A;332008395;WA-SER 2X167 TM NOIR P226X26 FIF A;2396732;66;M;WIP;vivant;4 500,000;0,000;0,000;1 855,22;0,00;0,00;4 500,00;1 855,22;0,00;0,00
661A;332008395;WA-SER 2X167 TM NOIR P226X26 FIF A;2400616;66;M;WIP;vivant;9 220,000;0,000;0,000;3 801,13;0,00;0,00;9 220,00;3 801,13;0,00;0,00
661D;332008395;WA-SER 2X167 TM NOIR P226X26 FIF A;2371379;66;M;WIP;vivant;3 144,000;0,000;0,000;1 296,18;0,00;0,00;3 144,00;1 296,18;0,00;0,00
661A;332008432;YAR-PES FTF 3X180/48 TM 1ECR/2NOIR APF;4P1602/2;66;KG;RM;vivant;349,630;0,000;0,000;899,92;0,00;0,00;349,63;899,92;0,00;0,00
661A;332008432;YAR-PES FTF 3X180/48 TM 1ECR/2NOIR APF;4P1602/3;66;KG;RM;vivant;5 505,470;0,000;0,000;14 170,57;0,00;0,00;5 505,47;14 170,57;0,00;0,00
661A;332008432;YAR-PES FTF 3X180/48 TM 1ECR/2NOIR APF;4P439/16;66;KG;RM;vivant;514,140;0,000;0,000;1 323,35;0,00;0,00;514,14;1 323,35;0,00;0,00
661D;332008432;YAR-PES FTF 3X180/48 TM 1ECR/2NOIR APF;4P439/12;66;KG;RM;vivant;40,000;0,000;0,000;102,96;0,00;0,00;40,00;102,96;0,00;0,00
662A;332008432;YAR-PES FTF 3X180/48 TM 1ECR/2NOIR APF;4P1602/1;66;KG;RM;vivant;2 632,680;0,000;0,000;6 776,28;0,00;0,00;2 632,68;6 776,28;0,00;0,00
662A;332008432;YAR-PES FTF 3X180/48 TM 1ECR/2NOIR APF;4P1602/2;66;KG;RM;vivant;980,000;0,000;0,000;2 522,43;0,00;0,00;980,00;2 522,43;0,00;0,00
662A;332008432;YAR-PES FTF 3X180/48 TM 1ECR/2NOIR APF;4P439/16;66;KG;RM;vivant;80,000;0,000;0,000;205,91;0,00;0,00;80,00;205,91;0,00;0,00
661A;332008531;LAM-GOMERA SEAQUAL 1900MM 4MM;2372330;66;M;FG;vivant;66,300;0,000;0,000;608,50;0,00;0,00;66,30;608,50;0,00;0,00
661A;332008611;WT-SPA BRASILIA ECRU TP  P231 D22;240015436G;66;M;WIP;vivant;1 340,000;0,000;0,000;2 677,58;0,00;0,00;1 340,00;2 677,58;0,00;0,00
;332008692;YAR-PES FTF 3X167/48 TM SLAGREY ANT;281514;66;KG;RM;vivant;0,560;0,000;0,000;2,37;0,00;0,00;0,56;2,37;0,00;0,00
661A;332008692;YAR-PES FTF 3X167/48 TM SLAGREY ANT;352822;66;KG;RM;vivant;2 618,340;0,000;0,000;0,00;0,00;0,00;2 618,34;0,00;0,00;0,00
661A;332008692;YAR-PES FTF 3X167/48 TM SLAGREY ANT;356816;66;KG;RM;vivant;3 030,060;0,000;0,000;0,00;0,00;0,00;3 030,06;0,00;0,00;0,00
661D;332008692;YAR-PES FTF 3X167/48 TM SLAGREY ANT;350222;66;KG;RM;vivant;146,740;0,000;0,000;622,18;0,00;0,00;146,74;622,18;0,00;0,00
661A;332008913;WT-TUN CANUT PN NOIR JAJET P226 D22;231325703B;66;M;WIP;vivant;400,000;0,000;0,000;508,03;0,00;0,00;400,00;508,03;0,00;0,00
661A;332008913;WT-TUN CANUT PN NOIR JAJET P226 D22;236220211B;66;M;WIP;vivant;400,000;0,000;0,000;508,03;0,00;0,00;400,00;508,03;0,00;0,00
661A;332008913;WT-TUN CANUT PN NOIR JAJET P226 D22;236624311B;66;M;WIP;vivant;350,000;0,000;0,000;444,53;0,00;0,00;350,00;444,53;0,00;0,00
661A;332008918;CHP-ROMSOFT PME;332008918;66;KG;RM;vivant;180,000;0,000;0,000;567,00;0,00;0,00;180,00;567,00;0,00;0,00
661A;332009002;FT-TUN ULLU GREY 1850MM 260GR;1869396;66;M;FG;vivant;239,660;0,000;0,000;602,09;0,00;0,00;239,66;602,09;0,00;0,00
661A;332009021;WT-TUN GASTON JAJET P200D19;231964096J;66;M;WIP;vivant;46,000;0,000;0,000;120,77;0,00;0,00;46,00;120,77;0,00;0,00
661A;332009040;FT-TUN GASTON 2 1830MM 300GR;2087388;66;M;FG;vivant;0,000;0,000;105,590;0,00;0,00;351,81;0,00;0,00;105,59;351,81
661A;332009040;FT-TUN GASTON 2 1830MM 300GR;2348596;66;M;FG;vivant;791,220;0,000;0,000;2 636,26;0,00;0,00;791,22;2 636,26;0,00;0,00
661A;332009064;TWY-PES FTF2X170/48TMRNOIR350T S FIF;C35039;66;KG;WIP;vivant;315,000;0,000;0,000;996,08;0,00;0,00;315,00;996,08;0,00;0,00
662A;332009064;TWY-PES FTF2X170/48TMRNOIR350T S FIF;C35039;66;KG;WIP;vivant;444,000;0,000;0,000;1 403,99;0,00;0,00;444,00;1 403,99;0,00;0,00
662A;332009064;TWY-PES FTF2X170/48TMRNOIR350T S FIF;C36276;66;KG;WIP;vivant;594,000;0,000;0,000;1 878,32;0,00;0,00;594,00;1 878,32;0,00;0,00
662A;332009064;TWY-PES FTF2X170/48TMRNOIR350T S FIF;C36285;66;KG;WIP;vivant;408,000;0,000;0,000;1 290,16;0,00;0,00;408,00;1 290,16;0,00;0,00
661A;332009125;WT-TUN NILO GREY;239479531G;66;M;WIP;vivant;2 144,000;0,000;0,000;8 207,53;0,00;0,00;2 144,00;8 207,53;0,00;0,00
662A;332009328;YAR-PES FTF 3X167/30 TM TITANIUM BLACK;4003831;66;KG;RM;vivant;72,271;0,000;0,000;557,93;0,00;0,00;72,27;557,93;0,00;0,00
661A;332009545;FT-BRASILIA MISTRAL 290GR  192CM VF VRAC;2398393;66;M;FG;vivant;245,360;0,000;0,000;510,86;0,00;0,00;245,36;510,86;0,00;0,00
661E;332009545;FT-BRASILIA MISTRAL 290GR  192CM VF VRAC;2235239;66;M;FG;vivant;1,120;0,000;0,000;2,33;0,00;0,00;1,12;2,33;0,00;0,00
662A;332009545;FT-BRASILIA MISTRAL 290GR  192CM VF VRAC;2195355;66;M;FG;vivant;0,000;0,000;101,660;0,00;0,00;211,66;0,00;0,00;101,66;211,66
662A;332009545;FT-BRASILIA MISTRAL 290GR  192CM VF VRAC;2201779;66;M;FG;vivant;0,000;0,000;977,530;0,00;0,00;2 035,29;0,00;0,00;977,53;2 035,29
662A;332009545;FT-BRASILIA MISTRAL 290GR  192CM VF VRAC;2213481;66;M;FG;vivant;0,000;0,000;349,240;0,00;0,00;727,14;0,00;0,00;349,24;727,14
662A;332009545;FT-BRASILIA MISTRAL 290GR  192CM VF VRAC;2215994;66;M;FG;vivant;0,000;0,000;69,850;0,00;0,00;145,43;0,00;0,00;69,85;145,43
662A;332009545;FT-BRASILIA MISTRAL 290GR  192CM VF VRAC;2225326;66;M;FG;vivant;0,000;0,000;240,520;0,00;0,00;500,78;0,00;0,00;240,52;500,78
661A;332009682;PAK-ROULEAUX HAVANE 48MM/100ML;332009682;66;ST;RM;vivant;540,000;0,000;0,000;372,41;0,00;0,00;540,00;372,41;0,00;0,00
661A;332009687;PAK-ROULEAUX TRANSPARENT 48MM/100ML;332009687;66;ST;RM;vivant;540,000;0,000;0,000;376,08;0,00;0,00;540,00;376,08;0,00;0,00
661A;332009700;PAK-ROULEAUX CREPTE GM 48MM/100ML;332009700;66;ST;RM;vivant;300,000;0,000;0,000;214,17;0,00;0,00;300,00;214,17;0,00;0,00
661A;332009705;PAK-ROULEAUX HAVANE COLORET 100/48;332009705;66;ST;RM;vivant;72,000;0,000;0,000;67,21;0,00;0,00;72,00;67,21;0,00;0,00
661A;332009729;PAK-ROULEAUX ADHESIF DOUBLE FACE 50MM/25;332009729;66;ST;RM;vivant;72,000;0,000;0,000;168,09;0,00;0,00;72,00;168,09;0,00;0,00
662A;332010077;YAR-PES DTY 3X167/34 RD SDTANGLEE HARD;346911;66;KG;RM;vivant;1 367,540;0,000;0,000;6 441,12;0,00;0,00;1 367,54;6 441,12;0,00;0,00
661A;332010091;YAR-PES ATY 380/136 BLACK RECYCLED ANT;353223;66;KG;RM;vivant;1 028,310;0,000;0,000;0,00;0,00;0,00;1 028,31;0,00;0,00;0,00
661A;332010091;YAR-PES ATY 380/136 BLACK RECYCLED ANT;356066;66;KG;RM;vivant;1 177,250;0,000;0,000;0,00;0,00;0,00;1 177,25;0,00;0,00;0,00
661D;332010091;YAR-PES ATY 380/136 BLACK RECYCLED ANT;345600;66;KG;RM;vivant;10,130;0,000;0,000;47,71;0,00;0,00;10,13;47,71;0,00;0,00
662A;332010091;YAR-PES ATY 380/136 BLACK RECYCLED ANT;316636;66;KG;RM;vivant;9,506;0,000;0,000;44,78;0,00;0,00;9,51;44,78;0,00;0,00
662A;332010091;YAR-PES ATY 380/136 BLACK RECYCLED ANT;353223;66;KG;RM;vivant;337,950;0,000;0,000;0,00;0,00;0,00;337,95;0,00;0,00;0,00
661A;332010190;WA-CLIP 3X166 TM TITA P176X22 APF A;2400011;66;M;WIP;vivant;2 420,000;0,000;0,000;1 335,09;0,00;0,00;2 420,00;1 335,09;0,00;0,00
661A;332010195;TWY-PES FTF 1X750/184 TM GHIS 230TS NOY;70TY/SA;66;KG;RM;vivant;44,000;0,000;0,000;412,28;0,00;0,00;44,00;412,28;0,00;0,00
661D;332010195;TWY-PES FTF 1X750/184 TM GHIS 230TS NOY;41UY/SA;66;KG;RM;vivant;58,640;0,000;0,000;549,46;0,00;0,00;58,64;549,46;0,00;0,00
661D;332010195;TWY-PES FTF 1X750/184 TM GHIS 230TS NOY;70TY/SA;66;KG;RM;vivant;131,079;0,000;0,000;1 228,21;0,00;0,00;131,08;1 228,21;0,00;0,00
661D;332010195;TWY-PES FTF 1X750/184 TM GHIS 230TS NOY;99TY/SA;66;KG;RM;vivant;185,000;0,000;0,000;1 733,45;0,00;0,00;185,00;1 733,45;0,00;0,00
661A;332010331;FT-CLIP RECYCLE 192 CM 230 GM2;2345481;66;M;FG;vivant;0,000;0,000;629,320;0,00;0,00;1 922,10;0,00;0,00;629,32;1 922,10
661A;332010331;FT-CLIP RECYCLE 192 CM 230 GM2;2355390;66;M;FG;vivant;0,000;0,000;760,310;0,00;0,00;2 322,18;0,00;0,00;760,31;2 322,18
661A;332010331;FT-CLIP RECYCLE 192 CM 230 GM2;2368427;66;M;FG;vivant;0,000;0,000;162,020;0,00;0,00;494,85;0,00;0,00;162,02;494,85
661A;332010331;FT-CLIP RECYCLE 192 CM 230 GM2;2370628;66;M;FG;vivant;0,000;456,020;561,360;0,00;1 392,80;1 714,53;456,02;1 392,80;561,36;1 714,53
661A;332010331;FT-CLIP RECYCLE 192 CM 230 GM2;2382234;66;M;FG;vivant;0,000;865,590;0,000;0,00;2 643,73;0,00;865,59;2 643,73;0,00;0,00
661A;332010331;FT-CLIP RECYCLE 192 CM 230 GM2;2387090;66;M;FG;vivant;866,730;0,000;0,000;2 647,21;0,00;0,00;866,73;2 647,21;0,00;0,00
661A;332010331;FT-CLIP RECYCLE 192 CM 230 GM2;2389188;66;M;FG;vivant;480,730;0,000;0,000;1 468,27;0,00;0,00;480,73;1 468,27;0,00;0,00
661A;332010331;FT-CLIP RECYCLE 192 CM 230 GM2;2389702;66;M;FG;vivant;0,000;1 260,190;0,000;0,00;3 848,94;0,00;1 260,19;3 848,94;0,00;0,00
661A;332010331;FT-CLIP RECYCLE 192 CM 230 GM2;2394240;66;M;FG;vivant;860,020;0,000;0,000;2 626,72;0,00;0,00;860,02;2 626,72;0,00;0,00
661A;332010331;FT-CLIP RECYCLE 192 CM 230 GM2;2394412;66;M;FG;vivant;691,420;0,000;0,000;2 111,77;0,00;0,00;691,42;2 111,77;0,00;0,00
661A;332010331;FT-CLIP RECYCLE 192 CM 230 GM2;2394413;66;M;FG;vivant;881,840;0,000;0,000;2 693,36;0,00;0,00;881,84;2 693,36;0,00;0,00
661A;332010331;FT-CLIP RECYCLE 192 CM 230 GM2;2394522;66;M;FG;vivant;166,540;0,000;0,000;508,65;0,00;0,00;166,54;508,65;0,00;0,00
661A;332010331;FT-CLIP RECYCLE 192 CM 230 GM2;2395013;66;M;FG;vivant;652,590;0,000;0,000;1 993,17;0,00;0,00;652,59;1 993,17;0,00;0,00
661A;332010331;FT-CLIP RECYCLE 192 CM 230 GM2;2396724;66;M;FG;vivant;854,770;0,000;0,000;2 610,68;0,00;0,00;854,77;2 610,68;0,00;0,00
661A;332010331;FT-CLIP RECYCLE 192 CM 230 GM2;2396725;66;M;FG;vivant;438,270;0,000;0,000;1 338,59;0,00;0,00;438,27;1 338,59;0,00;0,00
661A;332010331;FT-CLIP RECYCLE 192 CM 230 GM2;2396728;66;M;FG;vivant;852,250;0,000;0,000;2 602,98;0,00;0,00;852,25;2 602,98;0,00;0,00
661A;332010331;FT-CLIP RECYCLE 192 CM 230 GM2;2399119;66;M;FG;vivant;867,270;0,000;0,000;2 648,86;0,00;0,00;867,27;2 648,86;0,00;0,00
661A;332010331;FT-CLIP RECYCLE 192 CM 230 GM2;2399142;66;M;FG;vivant;0,000;0,000;846,860;0,00;0,00;2 586,52;0,00;0,00;846,86;2 586,52
661A;332010331;FT-CLIP RECYCLE 192 CM 230 GM2;2400162;66;M;FG;vivant;1 039,990;0,000;0,000;3 176,39;0,00;0,00;1 039,99;3 176,39;0,00;0,00
661A;332010331;FT-CLIP RECYCLE 192 CM 230 GM2;2400163;66;M;FG;vivant;1 086,390;0,000;0,000;3 318,11;0,00;0,00;1 086,39;3 318,11;0,00;0,00
661A;332010331;FT-CLIP RECYCLE 192 CM 230 GM2;2400309;66;M;FG;vivant;383,250;0,000;0,000;1 170,54;0,00;0,00;383,25;1 170,54;0,00;0,00
661A;332010331;FT-CLIP RECYCLE 192 CM 230 GM2;2400574;66;M;FG;vivant;0,000;864,610;0,000;0,00;2 640,74;0,00;864,61;2 640,74;0,00;0,00
661A;332010331;FT-CLIP RECYCLE 192 CM 230 GM2;2400617;66;M;FG;vivant;0,000;864,430;0,000;0,00;2 640,19;0,00;864,43;2 640,19;0,00;0,00
661A;332010331;FT-CLIP RECYCLE 192 CM 230 GM2;2401532;66;M;FG;vivant;0,000;882,510;0,000;0,00;2 695,41;0,00;882,51;2 695,41;0,00;0,00
661A;332010331;FT-CLIP RECYCLE 192 CM 230 GM2;2401803;66;M;FG;vivant;0,000;851,100;0,000;0,00;2 599,47;0,00;851,10;2 599,47;0,00;0,00
661A;332010331;FT-CLIP RECYCLE 192 CM 230 GM2;2401806;66;M;FG;vivant;0,000;839,500;0,000;0,00;2 564,04;0,00;839,50;2 564,04;0,00;0,00
661E;332010331;FT-CLIP RECYCLE 192 CM 230 GM2;2381866;66;M;FG;vivant;23,480;0,000;0,000;71,71;0,00;0,00;23,48;71,71;0,00;0,00
661E;332010331;FT-CLIP RECYCLE 192 CM 230 GM2;2387091;66;M;FG;vivant;398,910;0,000;0,000;1 218,37;0,00;0,00;398,91;1 218,37;0,00;0,00
661E;332010331;FT-CLIP RECYCLE 192 CM 230 GM2;2388371;66;M;FG;vivant;131,370;0,000;0,000;401,24;0,00;0,00;131,37;401,24;0,00;0,00
661A;332010336;WT-TUN CLIP RECYCLE ARJET P231 D16;227604112D;66;M;WIP;vivant;183,000;0,000;0,000;438,04;0,00;0,00;183,00;438,04;0,00;0,00
661A;332010336;WT-TUN CLIP RECYCLE ARJET P231 D16;240002812I;66;M;WIP;vivant;400,000;0,000;0,000;957,46;0,00;0,00;400,00;957,46;0,00;0,00
661A;332010355;ENV BL CIRTF 42PES 2050 LENG;2330438;66;M;RM;vivant;1 036,000;0,000;0,000;528,36;0,00;0,00;1 036,00;528,36;0,00;0,00
661A;332010355;ENV BL CIRTF 42PES 2050 LENG;2369928;66;M;RM;vivant;1 074,000;0,000;0,000;547,74;0,00;0,00;1 074,00;547,74;0,00;0,00
661A;332010355;ENV BL CIRTF 42PES 2050 LENG;2390887;66;M;RM;vivant;2 142,000;0,000;0,000;1 092,42;0,00;0,00;2 142,00;1 092,42;0,00;0,00
661A;332010355;ENV BL CIRTF 42PES 2050 LENG;2392078;66;M;RM;vivant;1 094,000;0,000;0,000;557,94;0,00;0,00;1 094,00;557,94;0,00;0,00
661E;332010355;ENV BL CIRTF 42PES 2050 LENG;2314719;66;M;RM;vivant;41,000;0,000;0,000;20,91;0,00;0,00;41,00;20,91;0,00;0,00
661E;332010355;ENV BL CIRTF 42PES 2050 LENG;2330438;66;M;RM;vivant;528,000;0,000;0,000;269,28;0,00;0,00;528,00;269,28;0,00;0,00
661E;332010355;ENV BL CIRTF 42PES 2050 LENG;2336917;66;M;RM;vivant;181,000;0,000;0,000;92,31;0,00;0,00;181,00;92,31;0,00;0,00
661E;332010355;ENV BL CIRTF 42PES 2050 LENG;2337534;66;M;RM;vivant;213,000;0,000;0,000;108,63;0,00;0,00;213,00;108,63;0,00;0,00
661E;332010355;ENV BL CIRTF 42PES 2050 LENG;2340790;66;M;RM;vivant;224,000;0,000;0,000;114,24;0,00;0,00;224,00;114,24;0,00;0,00
661E;332010355;ENV BL CIRTF 42PES 2050 LENG;2340809;66;M;RM;vivant;154,000;0,000;0,000;78,54;0,00;0,00;154,00;78,54;0,00;0,00
661E;332010355;ENV BL CIRTF 42PES 2050 LENG;2341040;66;M;RM;vivant;220,000;0,000;0,000;112,20;0,00;0,00;220,00;112,20;0,00;0,00
661E;332010355;ENV BL CIRTF 42PES 2050 LENG;2341133;66;M;RM;vivant;59,000;0,000;0,000;30,09;0,00;0,00;59,00;30,09;0,00;0,00
661E;332010355;ENV BL CIRTF 42PES 2050 LENG;2341136;66;M;RM;vivant;137,000;0,000;0,000;69,87;0,00;0,00;137,00;69,87;0,00;0,00
661E;332010355;ENV BL CIRTF 42PES 2050 LENG;2369928;66;M;RM;vivant;234,072;0,000;0,000;119,38;0,00;0,00;234,07;119,38;0,00;0,00
661E;332010355;ENV BL CIRTF 42PES 2050 LENG;2371856;66;M;RM;vivant;488,000;0,000;0,000;248,88;0,00;0,00;488,00;248,88;0,00;0,00
661E;332010355;ENV BL CIRTF 42PES 2050 LENG;2371867;66;M;RM;vivant;276,000;0,000;0,000;140,76;0,00;0,00;276,00;140,76;0,00;0,00
661E;332010355;ENV BL CIRTF 42PES 2050 LENG;2389198;66;M;RM;vivant;185,000;0,000;0,000;94,35;0,00;0,00;185,00;94,35;0,00;0,00
661E;332010355;ENV BL CIRTF 42PES 2050 LENG;2390887;66;M;RM;vivant;188,000;0,000;0,000;95,88;0,00;0,00;188,00;95,88;0,00;0,00
661A;332010374;TWY-PES FTF2X170/48TMRNOIR250T S FIF;C35039;66;KG;WIP;vivant;1 068,000;0,000;0,000;3 408,78;0,00;0,00;1 068,00;3 408,78;0,00;0,00
662A;332010374;TWY-PES FTF2X170/48TMRNOIR250T S FIF;C036276;66;KG;WIP;vivant;40,000;0,000;0,000;127,67;0,00;0,00;40,00;127,67;0,00;0,00
662A;332010374;TWY-PES FTF2X170/48TMRNOIR250T S FIF;C36276;66;KG;WIP;vivant;382,000;0,000;0,000;1 219,24;0,00;0,00;382,00;1 219,24;0,00;0,00
661A;332010393;LAM-CLIP RECYCLING 1MM VW216;2351923;66;M;FG;vivant;22,070;0,000;0,000;105,99;0,00;0,00;22,07;105,99;0,00;0,00
661A;332010393;LAM-CLIP RECYCLING 1MM VW216;2360789;66;M;FG;vivant;0,000;0,000;26,920;0,00;0,00;129,28;0,00;0,00;26,92;129,28
661A;332010393;LAM-CLIP RECYCLING 1MM VW216;2371409;66;M;FG;vivant;0,000;319,590;0,000;0,00;1 534,76;0,00;319,59;1 534,76;0,00;0,00
661A;332010393;LAM-CLIP RECYCLING 1MM VW216;2396269;66;M;FG;vivant;368,930;0,000;0,000;1 771,71;0,00;0,00;368,93;1 771,71;0,00;0,00
661A;332010393;LAM-CLIP RECYCLING 1MM VW216;2396271;66;M;FG;vivant;366,410;0,000;0,000;1 759,60;0,00;0,00;366,41;1 759,60;0,00;0,00
661A;332010393;LAM-CLIP RECYCLING 1MM VW216;2401307;66;M;FG;vivant;0,000;867,010;0,000;0,00;4 163,63;0,00;867,01;4 163,63;0,00;0,00
661A;332010393;LAM-CLIP RECYCLING 1MM VW216;2401308;66;M;FG;vivant;0,000;237,350;0,000;0,00;1 139,82;0,00;237,35;1 139,82;0,00;0,00
661A;332010393;LAM-CLIP RECYCLING 1MM VW216;2401309;66;M;FG;vivant;0,000;708,370;0,000;0,00;3 401,79;0,00;708,37;3 401,79;0,00;0,00
661A;332010398;LAM-CLIP RECYCLING 3MM VW216;2329920;66;M;FG;vivant;1,030;0,000;0,000;5,59;0,00;0,00;1,03;5,59;0,00;0,00
661A;332010398;LAM-CLIP RECYCLING 3MM VW216;2336061;66;M;FG;vivant;30,720;0,000;0,000;166,69;0,00;0,00;30,72;166,69;0,00;0,00
661A;332010398;LAM-CLIP RECYCLING 3MM VW216;2337594;66;M;FG;vivant;0,000;0,000;128,030;0,00;0,00;694,72;0,00;0,00;128,03;694,72
661A;332010398;LAM-CLIP RECYCLING 3MM VW216;2342229;66;M;FG;vivant;1,340;0,000;0,000;7,27;0,00;0,00;1,34;7,27;0,00;0,00
661A;332010398;LAM-CLIP RECYCLING 3MM VW216;2401310;66;M;FG;vivant;0,000;842,700;4,960;0,00;4 572,70;26,91;842,70;4 572,70;4,96;26,91
661A;332010473;YAR-PES FTF 3X183/36 TM DARK SPIRIT APF;4S2156/4;66;KG;RM;vivant;2 092,500;0,000;0,000;5 422,30;0,00;0,00;2 092,50;5 422,30;0,00;0,00
661C;332010473;YAR-PES FTF 3X183/36 TM DARK SPIRIT APF;4P1485/5;66;KG;RM;vivant;65,000;0,000;0,000;168,43;0,00;0,00;65,00;168,43;0,00;0,00
661C;332010473;YAR-PES FTF 3X183/36 TM DARK SPIRIT APF;4S2156/2;66;KG;RM;vivant;64,000;0,000;0,000;165,84;0,00;0,00;64,00;165,84;0,00;0,00
661C;332010473;YAR-PES FTF 3X183/36 TM DARK SPIRIT APF;4S2156/3;66;KG;RM;vivant;252,000;0,000;0,000;653,01;0,00;0,00;252,00;653,01;0,00;0,00
661C;332010473;YAR-PES FTF 3X183/36 TM DARK SPIRIT APF;4S2156/4;66;KG;RM;vivant;156,000;0,000;0,000;404,24;0,00;0,00;156,00;404,24;0,00;0,00
662A;332010473;YAR-PES FTF 3X183/36 TM DARK SPIRIT APF;4P1485/6;66;KG;RM;vivant;1 012,000;0,000;0,000;2 622,40;0,00;0,00;1 012,00;2 622,40;0,00;0,00
662A;332010473;YAR-PES FTF 3X183/36 TM DARK SPIRIT APF;4P1485/7;66;KG;RM;vivant;100,000;0,000;0,000;259,13;0,00;0,00;100,00;259,13;0,00;0,00
662A;332010473;YAR-PES FTF 3X183/36 TM DARK SPIRIT APF;4S2156/1;66;KG;RM;vivant;100,000;0,000;0,000;259,13;0,00;0,00;100,00;259,13;0,00;0,00
661A;332010652;WT-TUN KOTA UNI GREY P217 JET Air;230866825I;66;M;WIP;vivant;0,000;0,000;789,000;0,00;0,00;2 087,50;0,00;0,00;789,00;2 087,50
661A;332010652;WT-TUN KOTA UNI GREY P217 JET Air;238851027I;66;M;WIP;vivant;200,000;0,000;0,000;529,15;0,00;0,00;200,00;529,15;0,00;0,00
661A;332010657;FT-KOTA UNI GREY 192CM;2371540;66;M;FG;vivant;0,000;0,000;195,910;0,00;0,00;638,24;0,00;0,00;195,91;638,24
661A;332010657;FT-KOTA UNI GREY 192CM;2375079;66;M;FG;vivant;0,000;0,000;87,160;0,00;0,00;283,95;0,00;0,00;87,16;283,95
661A;332010657;FT-KOTA UNI GREY 192CM;2389699;66;M;FG;vivant;0,000;0,000;535,330;0,00;0,00;1 744,01;0,00;0,00;535,33;1 744,01
661A;332010657;FT-KOTA UNI GREY 192CM;2394098;66;M;FG;vivant;0,000;0,000;88,400;0,00;0,00;287,99;0,00;0,00;88,40;287,99
661A;332010657;FT-KOTA UNI GREY 192CM;2395073;66;M;FG;vivant;0,000;0,000;618,040;0,00;0,00;2 013,47;0,00;0,00;618,04;2 013,47
661A;332010657;FT-KOTA UNI GREY 192CM;2398775;66;M;FG;vivant;0,000;0,000;152,820;0,00;0,00;497,86;0,00;0,00;152,82;497,86
661A;332010657;FT-KOTA UNI GREY 192CM;2400570;66;M;FG;vivant;0,000;0,000;41,510;0,00;0,00;135,23;0,00;0,00;41,51;135,23
661E;332010657;FT-KOTA UNI GREY 192CM;2343277;66;M;FG;vivant;389,810;0,000;0,000;1 269,93;0,00;0,00;389,81;1 269,93;0,00;0,00
663A;332010657;FT-KOTA UNI GREY 192CM;2382740;66;M;FG;vivant;660,510;0,000;0,000;2 151,83;0,00;0,00;660,51;2 151,83;0,00;0,00
663A;332010657;FT-KOTA UNI GREY 192CM;2383643;66;M;FG;vivant;861,890;0,000;0,000;2 807,89;0,00;0,00;861,89;2 807,89;0,00;0,00
663A;332010657;FT-KOTA UNI GREY 192CM;2388175;66;M;FG;vivant;588,000;0,000;0,000;1 915,60;0,00;0,00;588,00;1 915,60;0,00;0,00
663A;332010657;FT-KOTA UNI GREY 192CM;2390631;66;M;FG;vivant;221,720;0,000;0,000;722,33;0,00;0,00;221,72;722,33;0,00;0,00
663A;332010657;FT-KOTA UNI GREY 192CM;2392556;66;M;FG;vivant;248,840;0,000;0,000;810,68;0,00;0,00;248,84;810,68;0,00;0,00
663A;332010657;FT-KOTA UNI GREY 192CM;2394096;66;M;FG;vivant;251,650;0,000;0,000;819,83;0,00;0,00;251,65;819,83;0,00;0,00
662A;332010718;YAR-PES FTF 1X167/48 TM DARK BLACK HYS;03344I;66;KG;RM;vivant;1 724,150;0,000;0,000;5 931,08;0,00;0,00;1 724,15;5 931,08;0,00;0,00
662A;332010718;YAR-PES FTF 1X167/48 TM DARK BLACK HYS;3344I;66;KG;RM;vivant;651,000;0,000;0,000;2 239,44;0,00;0,00;651,00;2 239,44;0,00;0,00
661A;332010794;ENV BL CIRTF 42PES 2000 TR;1525656;66;M;RM;vivant;100,000;0,000;0,000;62,00;0,00;0,00;100,00;62,00;0,00;0,00
661A;332010817;WT-TUN SERGE SILICON DELIGHT;229458009C;66;M;WIP;vivant;1 386,000;0,000;0,000;1 009,60;0,00;0,00;1 386,00;1 009,60;0,00;0,00
661A;332010817;WT-TUN SERGE SILICON DELIGHT;235620709C;66;M;WIP;vivant;5 338,000;0,000;0,000;3 888,36;0,00;0,00;5 338,00;3 888,36;0,00;0,00
661A;332010836;FT-SERGE 2/1 SIL DELIGHT 150GR 110 CM VR;2350136;66;M;FG;vivant;330,660;0,000;0,000;364,66;0,00;0,00;330,66;364,66;0,00;0,00
661A;332010836;FT-SERGE 2/1 SIL DELIGHT 150GR 110 CM VR;2357342;66;M;FG;vivant;1 797,280;0,000;0,000;1 982,07;0,00;0,00;1 797,28;1 982,07;0,00;0,00
661A;332010836;FT-SERGE 2/1 SIL DELIGHT 150GR 110 CM VR;2368444;66;M;FG;vivant;605,210;0,000;0,000;667,44;0,00;0,00;605,21;667,44;0,00;0,00
661A;332010836;FT-SERGE 2/1 SIL DELIGHT 150GR 110 CM VR;2368643;66;M;FG;vivant;295,950;0,000;0,000;326,38;0,00;0,00;295,95;326,38;0,00;0,00
661A;332010836;FT-SERGE 2/1 SIL DELIGHT 150GR 110 CM VR;2372384;66;M;FG;vivant;1 774,420;0,000;0,000;1 956,86;0,00;0,00;1 774,42;1 956,86;0,00;0,00
661A;332010836;FT-SERGE 2/1 SIL DELIGHT 150GR 110 CM VR;2392532;66;M;FG;vivant;1 732,670;0,000;0,000;1 910,82;0,00;0,00;1 732,67;1 910,82;0,00;0,00
661A;332010935;FT-SONIC CHINE RECYCLE2000MMFUT;2008388;66;M;FG;vivant;314,070;0,000;0,000;974,76;0,00;0,00;314,07;974,76;0,00;0,00
661A;332010935;FT-SONIC CHINE RECYCLE2000MMFUT;2017527;66;M;FG;vivant;582,920;0,000;0,000;1 809,17;0,00;0,00;582,92;1 809,17;0,00;0,00
661A;332010973;Etiqu adhé Mat Format 148x210 Man 76;332010973;66;ST;RM;vivant;66,000;0,000;0,000;0,66;0,00;0,00;66,00;0,66;0,00;0,00
661A;332011029;LAM-CANUT PETIT NATTE NOIR HHN 2MM 1980;2226862;66;M;FG;vivant;6,000;0,000;0,000;21,41;0,00;0,00;6,00;21,41;0,00;0,00
661A;332011029;LAM-CANUT PETIT NATTE NOIR HHN 2MM 1980;2344982;66;M;FG;vivant;0,000;0,000;18,470;0,00;0,00;65,90;0,00;0,00;18,47;65,90
661A;332011029;LAM-CANUT PETIT NATTE NOIR HHN 2MM 1980;2377860;66;M;FG;vivant;248,380;0,000;15,490;886,16;0,00;55,26;248,38;886,16;15,49;55,26
662A;332011161;YAR-PES 3X182/36 BI 30 SEAMAS TITA SEQAN;319135;66;KG;RM;vivant;4 831,000;0,000;0,000;37 005,47;0,00;0,00;4 831,00;37 005,47;0,00;0,00
662A;332011166;YAR-PES 387/136 CS VF SEAMAS PISSARA ANT;296317;66;KG;RM;vivant;2 083,550;0,000;0,000;15 959,99;0,00;0,00;2 083,55;15 959,99;0,00;0,00
662A;332011166;YAR-PES 387/136 CS VF SEAMAS PISSARA ANT;316642;66;KG;RM;vivant;1 916,760;0,000;0,000;14 682,38;0,00;0,00;1 916,76;14 682,38;0,00;0,00
662A;332011227;TWY-PES FTF2X240TMR NOIR150T S APF VAP;4P468/7;66;KG;WIP;vivant;140,000;0,000;0,000;609,88;0,00;0,00;140,00;609,88;0,00;0,00
661A;332011529;WT-TUN RIMINI MISTRAL;228600471F;66;M;WIP;vivant;170,000;0,000;0,000;270,97;0,00;0,00;170,00;270,97;0,00;0,00
661A;332011529;WT-TUN RIMINI MISTRAL;231968772F;66;M;WIP;vivant;300,000;0,000;0,000;478,18;0,00;0,00;300,00;478,18;0,00;0,00
661A;332011529;WT-TUN RIMINI MISTRAL;235646871L;66;M;WIP;vivant;327,000;0,000;0,000;521,21;0,00;0,00;327,00;521,21;0,00;0,00
661A;332011529;WT-TUN RIMINI MISTRAL;238223201F;66;M;WIP;vivant;400,000;0,000;0,000;637,57;0,00;0,00;400,00;637,57;0,00;0,00
661A;332011529;WT-TUN RIMINI MISTRAL;239267210C;66;M;WIP;vivant;300,000;0,000;0,000;478,18;0,00;0,00;300,00;478,18;0,00;0,00
661A;332011529;WT-TUN RIMINI MISTRAL;239502314C;66;M;WIP;vivant;275,000;0,000;0,000;438,33;0,00;0,00;275,00;438,33;0,00;0,00
661A;332011529;WT-TUN RIMINI MISTRAL;239980202C;66;M;WIP;vivant;1 000,000;0,000;0,000;1 593,92;0,00;0,00;1 000,00;1 593,92;0,00;0,00
661A;332011529;WT-TUN RIMINI MISTRAL;240003071F;66;M;WIP;vivant;2 000,000;0,000;0,000;3 187,84;0,00;0,00;2 000,00;3 187,84;0,00;0,00
661A;332011529;WT-TUN RIMINI MISTRAL;240030510C;66;M;WIP;vivant;2 000,000;0,000;0,000;3 187,84;0,00;0,00;2 000,00;3 187,84;0,00;0,00
661E;332011529;WT-TUN RIMINI MISTRAL;238940702C;66;M;WIP;vivant;1 720,000;0,000;0,000;2 741,54;0,00;0,00;1 720,00;2 741,54;0,00;0,00
661A;332011548;FT-RIMINI MISTRAL L192;2094111;66;M;FG;vivant;0,000;0,000;86,000;0,00;0,00;181,61;0,00;0,00;86,00;181,61
661A;332011548;FT-RIMINI MISTRAL L192;2124052;66;M;FG;vivant;0,000;0,000;71,340;0,00;0,00;150,65;0,00;0,00;71,34;150,65
661A;332011548;FT-RIMINI MISTRAL L192;2271029;66;M;FG;vivant;0,000;0,000;261,340;0,00;0,00;551,88;0,00;0,00;261,34;551,88
661A;332011548;FT-RIMINI MISTRAL L192;2324085;66;M;FG;vivant;0,000;0,000;908,600;0,00;0,00;1 918,72;0,00;0,00;908,60;1 918,72
661A;332011548;FT-RIMINI MISTRAL L192;2326568;66;M;FG;vivant;0,000;0,000;272,130;0,00;0,00;574,67;0,00;0,00;272,13;574,67
661A;332011548;FT-RIMINI MISTRAL L192;2360277;66;M;FG;vivant;0,000;0,000;523,560;0,00;0,00;1 105,62;0,00;0,00;523,56;1 105,62
661A;332011548;FT-RIMINI MISTRAL L192;2400042;66;M;FG;vivant;0,000;0,000;875,070;0,00;0,00;1 847,91;0,00;0,00;875,07;1 847,91
661A;332011548;FT-RIMINI MISTRAL L192;2400310;66;M;FG;vivant;1 299,330;0,000;0,000;2 743,84;0,00;0,00;1 299,33;2 743,84;0,00;0,00
661A;332011548;FT-RIMINI MISTRAL L192;2400328;66;M;FG;vivant;1 773,080;0,000;0,000;3 744,27;0,00;0,00;1 773,08;3 744,27;0,00;0,00
661A;332011548;FT-RIMINI MISTRAL L192;2401786;66;M;FG;vivant;0,000;1 784,330;0,000;0,00;3 768,02;0,00;1 784,33;3 768,02;0,00;0,00
661A;332011548;FT-RIMINI MISTRAL L192;2402662;66;M;FG;vivant;0,000;1 746,990;0,000;0,00;3 689,17;0,00;1 746,99;3 689,17;0,00;0,00
661E;332011548;FT-RIMINI MISTRAL L192;2355371;66;M;FG;vivant;394,230;0,000;0,000;832,51;0,00;0,00;394,23;832,51;0,00;0,00
661E;332011548;FT-RIMINI MISTRAL L192;2360290;66;M;FG;vivant;275,392;0,000;0,000;581,55;0,00;0,00;275,39;581,55;0,00;0,00
661E;332011548;FT-RIMINI MISTRAL L192;2376227;66;M;FG;vivant;775,650;0,000;0,000;1 637,96;0,00;0,00;775,65;1 637,96;0,00;0,00
661A;332011567;FT-CLIP SEQUAL 192 CM 230 GM2;2132369;66;M;FG;vivant;409,070;0,000;0,000;1 889,40;0,00;0,00;409,07;1 889,40;0,00;0,00
661A;332011567;FT-CLIP SEQUAL 192 CM 230 GM2;2132371;66;M;FG;vivant;0,000;863,130;0,000;0,00;3 986,60;0,00;863,13;3 986,60;0,00;0,00
661A;332011567;FT-CLIP SEQUAL 192 CM 230 GM2;2132372;66;M;FG;vivant;866,380;0,000;0,000;4 001,61;0,00;0,00;866,38;4 001,61;0,00;0,00
662A;332011586;YAR-PES FTF 3X166/36 TM TITANIDE POLY;R 12020;66;KG;RM;vivant;110,000;0,000;0,000;359,70;0,00;0,00;110,00;359,70;0,00;0,00
662A;332011586;YAR-PES FTF 3X166/36 TM TITANIDE POLY;R12006;66;KG;RM;vivant;280,000;0,000;0,000;915,60;0,00;0,00;280,00;915,60;0,00;0,00
662A;332011586;YAR-PES FTF 3X166/36 TM TITANIDE POLY;R6404;66;KG;RM;vivant;100,000;0,000;0,000;327,00;0,00;0,00;100,00;327,00;0,00;0,00
661A;332011642;FT-SHADOW IONIC NOIR   2000MM 210 GM2;2308970;66;M;FG;vivant;0,000;0,000;312,610;0,00;0,00;538,20;0,00;0,00;312,61;538,20
661A;332011647;LAM-RIMINI G275 HZD 1900 - 2MM;2335445;66;M;FG;vivant;0,000;0,000;153,760;0,00;0,00;585,24;0,00;0,00;153,76;585,24
661A;332011647;LAM-RIMINI G275 HZD 1900 - 2MM;2335447;66;M;FG;vivant;1,080;0,000;0,000;4,11;0,00;0,00;1,08;4,11;0,00;0,00
661A;332011647;LAM-RIMINI G275 HZD 1900 - 2MM;2335450;66;M;FG;vivant;1,000;0,000;0,000;3,81;0,00;0,00;1,00;3,81;0,00;0,00
661A;332011647;LAM-RIMINI G275 HZD 1900 - 2MM;2361863;66;M;FG;vivant;1,390;0,000;0,000;5,29;0,00;0,00;1,39;5,29;0,00;0,00
661A;332011647;LAM-RIMINI G275 HZD 1900 - 2MM;2363838;66;M;FG;vivant;0,000;0,000;245,820;0,00;0,00;935,63;0,00;0,00;245,82;935,63
661A;332011647;LAM-RIMINI G275 HZD 1900 - 2MM;2368662;66;M;FG;vivant;1,270;0,000;0,000;4,83;0,00;0,00;1,27;4,83;0,00;0,00
661A;332011647;LAM-RIMINI G275 HZD 1900 - 2MM;2394094;66;M;FG;vivant;74,690;0,000;0,000;284,28;0,00;0,00;74,69;284,28;0,00;0,00
661A;332011647;LAM-RIMINI G275 HZD 1900 - 2MM;2394860;66;M;FG;vivant;89,490;0,000;0,000;340,61;0,00;0,00;89,49;340,61;0,00;0,00
661A;332011647;LAM-RIMINI G275 HZD 1900 - 2MM;2395396;66;M;FG;vivant;79,840;0,000;0,000;303,88;0,00;0,00;79,84;303,88;0,00;0,00
661A;332011647;LAM-RIMINI G275 HZD 1900 - 2MM;2398372;66;M;FG;vivant;64,360;0,000;0,000;244,96;0,00;0,00;64,36;244,96;0,00;0,00
661A;332011647;LAM-RIMINI G275 HZD 1900 - 2MM;2398512;66;M;FG;vivant;91,680;0,000;0,000;348,95;0,00;0,00;91,68;348,95;0,00;0,00
661A;332011647;LAM-RIMINI G275 HZD 1900 - 2MM;2400541;66;M;FG;vivant;0,000;1 557,140;0,000;0,00;5 926,72;0,00;1 557,14;5 926,72;0,00;0,00
661A;332011647;LAM-RIMINI G275 HZD 1900 - 2MM;2400542;66;M;FG;vivant;1 828,800;0,000;0,000;6 960,70;0,00;0,00;1 828,80;6 960,70;0,00;0,00
661A;332011647;LAM-RIMINI G275 HZD 1900 - 2MM;2400543;66;M;FG;vivant;981,480;0,000;0,000;3 735,67;0,00;0,00;981,48;3 735,67;0,00;0,00
661A;332011647;LAM-RIMINI G275 HZD 1900 - 2MM;2400544;66;M;FG;vivant;327,120;0,000;0,000;1 245,07;0,00;0,00;327,12;1 245,07;0,00;0,00
661E;332011647;LAM-RIMINI G275 HZD 1900 - 2MM;2362092;66;M;FG;vivant;65,900;0,000;0,000;250,83;0,00;0,00;65,90;250,83;0,00;0,00
661A;332011685;YAR-PES FTF 1X320216 TM CHINE FONCE HYS;8704O;66;KG;RM;vivant;8 892,000;0,000;0,000;34 234,20;0,00;0,00;8 892,00;34 234,20;0,00;0,00
661D;332011685;YAR-PES FTF 1X320216 TM CHINE FONCE HYS;8704O;66;KG;RM;vivant;251,000;0,000;0,000;966,35;0,00;0,00;251,00;966,35;0,00;0,00
661F;332011685;YAR-PES FTF 1X320216 TM CHINE FONCE HYS;8706O;66;KG;RM;vivant;445,740;0,000;0,000;1 716,10;0,00;0,00;445,74;1 716,10;0,00;0,00
662A;332011685;YAR-PES FTF 1X320216 TM CHINE FONCE HYS;8702O;66;KG;RM;vivant;517,185;0,000;0,000;1 991,16;0,00;0,00;517,19;1 991,16;0,00;0,00
662A;332011685;YAR-PES FTF 1X320216 TM CHINE FONCE HYS;8704O;66;KG;RM;vivant;4 980,000;0,000;0,000;19 173,00;0,00;0,00;4 980,00;19 173,00;0,00;0,00
661A;332011708;WT-MELLOW TM CHINE FONCE  P231 D20 VRAC;236019437C;66;M;WIP;vivant;310,000;0,000;0,000;699,58;0,00;0,00;310,00;699,58;0,00;0,00
661A;332011727;FT-MELLOW  NOIR CHINE L200;2193926;66;M;FG;vivant;0,000;0,000;262,700;0,00;0,00;639,26;0,00;0,00;262,70;639,26
661A;332011727;FT-MELLOW  NOIR CHINE L200;2324134;66;M;FG;vivant;181,820;0,000;0,000;442,45;0,00;0,00;181,82;442,45;0,00;0,00
661A;332011727;FT-MELLOW  NOIR CHINE L200;2331530;66;M;FG;vivant;0,000;0,000;826,230;0,00;0,00;2 010,57;0,00;0,00;826,23;2 010,57
661A;332011727;FT-MELLOW  NOIR CHINE L200;2340221;66;M;FG;vivant;79,170;0,000;0,000;192,65;0,00;0,00;79,17;192,65;0,00;0,00
661A;332011727;FT-MELLOW  NOIR CHINE L200;2355388;66;M;FG;vivant;0,000;0,000;500,010;0,00;0,00;1 216,74;0,00;0,00;500,01;1 216,74
661A;332011727;FT-MELLOW  NOIR CHINE L200;2366135;66;M;FG;vivant;0,000;0,000;420,790;0,00;0,00;1 023,96;0,00;0,00;420,79;1 023,96
661A;332011727;FT-MELLOW  NOIR CHINE L200;2382265;66;M;FG;vivant;0,000;0,000;350,240;0,00;0,00;852,28;0,00;0,00;350,24;852,28
661A;332011727;FT-MELLOW  NOIR CHINE L200;2395323;66;M;FG;vivant;0,000;0,000;301,380;0,00;0,00;733,39;0,00;0,00;301,38;733,39
661A;332011727;FT-MELLOW  NOIR CHINE L200;2400254;66;M;FG;vivant;911,080;0,000;0,000;2 217,05;0,00;0,00;911,08;2 217,05;0,00;0,00
661A;332011727;FT-MELLOW  NOIR CHINE L200;2401533;66;M;FG;vivant;0,000;795,680;0,000;0,00;1 936,23;0,00;795,68;1 936,23;0,00;0,00
661A;332011727;FT-MELLOW  NOIR CHINE L200;2401748;66;M;FG;vivant;0,000;869,140;0,000;0,00;2 114,99;0,00;869,14;2 114,99;0,00;0,00
661A;332011727;FT-MELLOW  NOIR CHINE L200;2401783;66;M;FG;vivant;0,000;545,520;0,000;0,00;1 327,48;0,00;545,52;1 327,48;0,00;0,00
661A;332011802;WT-TUN DIAGONALTY P226 D25-EX :Tricotine;235873229N;66;M;WIP;vivant;859,000;0,000;0,000;1 359,41;0,00;0,00;859,00;1 359,41;0,00;0,00
661A;332011802;WT-TUN DIAGONALTY P226 D25-EX :Tricotine;236625429N;66;M;WIP;vivant;542,000;0,000;0,000;857,74;0,00;0,00;542,00;857,74;0,00;0,00
661A;332011802;WT-TUN DIAGONALTY P226 D25-EX :Tricotine;237688529N;66;M;WIP;vivant;600,000;0,000;0,000;949,53;0,00;0,00;600,00;949,53;0,00;0,00
661A;332011802;WT-TUN DIAGONALTY P226 D25-EX :Tricotine;239543529N;66;M;WIP;vivant;600,000;0,000;0,000;949,53;0,00;0,00;600,00;949,53;0,00;0,00
661A;332011807;FT-DIAGONALTY MELANGE G613 /ex:Tricotine;1958347;66;M;FG;vivant;49,080;0,000;0,000;103,10;0,00;0,00;49,08;103,10;0,00;0,00
661A;332011807;FT-DIAGONALTY MELANGE G613 /ex:Tricotine;2354562;66;M;FG;vivant;517,220;0,000;0,000;1 086,53;0,00;0,00;517,22;1 086,53;0,00;0,00
661A;332011807;FT-DIAGONALTY MELANGE G613 /ex:Tricotine;2360253;66;M;FG;vivant;0,000;0,000;325,120;0,00;0,00;682,99;0,00;0,00;325,12;682,99
661A;332011807;FT-DIAGONALTY MELANGE G613 /ex:Tricotine;2384592;66;M;FG;vivant;530,760;0,000;0,000;1 114,98;0,00;0,00;530,76;1 114,98;0,00;0,00
661A;332011807;FT-DIAGONALTY MELANGE G613 /ex:Tricotine;2388810;66;M;FG;vivant;0,000;520,630;0,000;0,00;1 093,70;0,00;520,63;1 093,70;0,00;0,00
661A;332011807;FT-DIAGONALTY MELANGE G613 /ex:Tricotine;2390548;66;M;FG;vivant;534,860;0,000;0,000;1 123,59;0,00;0,00;534,86;1 123,59;0,00;0,00
661A;332011807;FT-DIAGONALTY MELANGE G613 /ex:Tricotine;2390549;66;M;FG;vivant;0,000;534,010;0,000;0,00;1 121,81;0,00;534,01;1 121,81;0,00;0,00
661A;332011807;FT-DIAGONALTY MELANGE G613 /ex:Tricotine;2394059;66;M;FG;vivant;527,840;0,000;0,000;1 108,84;0,00;0,00;527,84;1 108,84;0,00;0,00
661A;332011807;FT-DIAGONALTY MELANGE G613 /ex:Tricotine;2394060;66;M;FG;vivant;501,780;0,000;0,000;1 054,10;0,00;0,00;501,78;1 054,10;0,00;0,00
661A;332011807;FT-DIAGONALTY MELANGE G613 /ex:Tricotine;2394509;66;M;FG;vivant;528,050;0,000;0,000;1 109,29;0,00;0,00;528,05;1 109,29;0,00;0,00
661A;332011807;FT-DIAGONALTY MELANGE G613 /ex:Tricotine;2395438;66;M;FG;vivant;528,490;0,000;0,000;1 110,21;0,00;0,00;528,49;1 110,21;0,00;0,00
661A;332011807;FT-DIAGONALTY MELANGE G613 /ex:Tricotine;2395468;66;M;FG;vivant;493,000;0,000;0,000;1 035,66;0,00;0,00;493,00;1 035,66;0,00;0,00
661A;332011807;FT-DIAGONALTY MELANGE G613 /ex:Tricotine;2396698;66;M;FG;vivant;525,230;0,000;0,000;1 103,36;0,00;0,00;525,23;1 103,36;0,00;0,00
661A;332011807;FT-DIAGONALTY MELANGE G613 /ex:Tricotine;2400300;66;M;FG;vivant;0,000;534,650;0,000;0,00;1 123,15;0,00;534,65;1 123,15;0,00;0,00
661A;332011807;FT-DIAGONALTY MELANGE G613 /ex:Tricotine;2400301;66;M;FG;vivant;531,110;0,000;0,000;1 115,71;0,00;0,00;531,11;1 115,71;0,00;0,00
661A;332011807;FT-DIAGONALTY MELANGE G613 /ex:Tricotine;2401762;66;M;FG;vivant;0,000;533,640;0,000;0,00;1 121,03;0,00;533,64;1 121,03;0,00;0,00
661E;332011807;FT-DIAGONALTY MELANGE G613 /ex:Tricotine;2377083;66;M;FG;vivant;241,190;0,000;0,000;506,67;0,00;0,00;241,19;506,67;0,00;0,00
661A;332011840;FT-FAUN 12 NOIR ART GREY 255 GR 192CM;2322701;66;M;FG;vivant;0,000;0,000;249,690;0,00;0,00;556,59;0,00;0,00;249,69;556,59
661A;332011840;FT-FAUN 12 NOIR ART GREY 255 GR 192CM;2377658;66;M;FG;vivant;0,000;0,000;850,720;0,00;0,00;1 896,36;0,00;0,00;850,72;1 896,36
661A;332011840;FT-FAUN 12 NOIR ART GREY 255 GR 192CM;2377661;66;M;FG;vivant;0,000;0,000;887,850;0,00;0,00;1 979,12;0,00;0,00;887,85;1 979,12
661A;332011840;FT-FAUN 12 NOIR ART GREY 255 GR 192CM;2381869;66;M;FG;vivant;0,000;0,000;424,690;0,00;0,00;946,68;0,00;0,00;424,69;946,68
661A;332011840;FT-FAUN 12 NOIR ART GREY 255 GR 192CM;2382274;66;M;FG;vivant;0,000;0,000;548,390;0,00;0,00;1 222,43;0,00;0,00;548,39;1 222,43
661A;332011840;FT-FAUN 12 NOIR ART GREY 255 GR 192CM;2383358;66;M;FG;vivant;0,000;0,000;1 365,760;0,00;0,00;3 044,44;0,00;0,00;1 365,76;3 044,44
661A;332011840;FT-FAUN 12 NOIR ART GREY 255 GR 192CM;2389154;66;M;FG;vivant;0,000;1 383,660;0,000;0,00;3 084,34;0,00;1 383,66;3 084,34;0,00;0,00
661A;332011840;FT-FAUN 12 NOIR ART GREY 255 GR 192CM;2395094;66;M;FG;vivant;0,000;0,000;712,680;0,00;0,00;1 588,65;0,00;0,00;712,68;1 588,65
661A;332011840;FT-FAUN 12 NOIR ART GREY 255 GR 192CM;2398780;66;M;FG;vivant;0,000;1 404,310;0,000;0,00;3 130,37;0,00;1 404,31;3 130,37;0,00;0,00
661A;332011840;FT-FAUN 12 NOIR ART GREY 255 GR 192CM;2399118;66;M;FG;vivant;319,450;0,000;0,000;712,09;0,00;0,00;319,45;712,09;0,00;0,00
661A;332011840;FT-FAUN 12 NOIR ART GREY 255 GR 192CM;2399804;66;M;FG;vivant;985,660;0,000;0,000;2 197,15;0,00;0,00;985,66;2 197,15;0,00;0,00
661A;332011840;FT-FAUN 12 NOIR ART GREY 255 GR 192CM;2400250;66;M;FG;vivant;0,000;1 411,670;0,000;0,00;3 146,78;0,00;1 411,67;3 146,78;0,00;0,00
661A;332011840;FT-FAUN 12 NOIR ART GREY 255 GR 192CM;2400571;66;M;FG;vivant;0,000;1 392,750;0,000;0,00;3 104,61;0,00;1 392,75;3 104,61;0,00;0,00
661A;332011840;FT-FAUN 12 NOIR ART GREY 255 GR 192CM;2401808;66;M;FG;vivant;0,000;1 427,270;0,000;0,00;3 181,55;0,00;1 427,27;3 181,55;0,00;0,00
661E;332011840;FT-FAUN 12 NOIR ART GREY 255 GR 192CM;2399804;66;M;FG;vivant;399,690;0,000;0,000;890,96;0,00;0,00;399,69;890,96;0,00;0,00
661A;332011864;FT-FAUN 12 CHINE ART GREY XJI225GR192CM;1650640;66;M;FG;vivant;130,910;0,000;0,000;379,88;0,00;0,00;130,91;379,88;0,00;0,00
661A;332011869;WT-TUN CURITIBA UPNRBONAIS JET AIR P225;238980022D;66;M;WIP;vivant;662,000;0,000;0,000;1 019,57;0,00;0,00;662,00;1 019,57;0,00;0,00
661A;332011906;FT-CURITIBA UP NARBONNAIS 275GR 192CM;2386969;66;M;FG;vivant;1 310,030;0,000;0,000;2 816,00;0,00;0,00;1 310,03;2 816,00;0,00;0,00
661A;332011906;FT-CURITIBA UP NARBONNAIS 275GR 192CM;2399602;66;M;FG;vivant;567,310;0,000;0,000;1 219,47;0,00;0,00;567,31;1 219,47;0,00;0,00
661A;332011906;FT-CURITIBA UP NARBONNAIS 275GR 192CM;2399604;66;M;FG;vivant;496,450;0,000;0,000;1 067,15;0,00;0,00;496,45;1 067,15;0,00;0,00
661A;332011906;FT-CURITIBA UP NARBONNAIS 275GR 192CM;2400152;66;M;FG;vivant;1 290,060;0,000;0,000;2 773,07;0,00;0,00;1 290,06;2 773,07;0,00;0,00
661A;332011906;FT-CURITIBA UP NARBONNAIS 275GR 192CM;2401789;66;M;FG;vivant;0,000;641,370;0,000;0,00;1 378,67;0,00;641,37;1 378,67;0,00;0,00
663A;332011906;FT-CURITIBA UP NARBONNAIS 275GR 192CM;2368480;66;M;FG;vivant;243,590;0,000;0,000;523,61;0,00;0,00;243,59;523,61;0,00;0,00
663A;332011906;FT-CURITIBA UP NARBONNAIS 275GR 192CM;2395617;66;M;FG;vivant;1 248,260;0,000;0,000;2 683,22;0,00;0,00;1 248,26;2 683,22;0,00;0,00
661A;332011920;WT-TUN  IONAT NOIR REPS 2-2 P226 D25;227154673F;66;M;WIP;vivant;150,000;0,000;0,000;204,21;0,00;0,00;150,00;204,21;0,00;0,00
661A;332011920;WT-TUN  IONAT NOIR REPS 2-2 P226 D25;236656511G;66;M;WIP;vivant;332,000;0,000;0,000;451,98;0,00;0,00;332,00;451,98;0,00;0,00
661A;332011920;WT-TUN  IONAT NOIR REPS 2-2 P226 D25;238984073J;66;M;WIP;vivant;185,000;0,000;0,000;251,85;0,00;0,00;185,00;251,85;0,00;0,00
661A;332011920;WT-TUN  IONAT NOIR REPS 2-2 P226 D25;239673973H;66;M;WIP;vivant;700,000;0,000;0,000;952,96;0,00;0,00;700,00;952,96;0,00;0,00
661A;332011920;WT-TUN  IONAT NOIR REPS 2-2 P226 D25;240181817G;66;M;WIP;vivant;400,000;0,000;0,000;544,55;0,00;0,00;400,00;544,55;0,00;0,00
661A;332011925;FT-IONAT NOIR REPS 2-2 L1920;2089645;66;M;FG;vivant;0,000;0,000;134,880;0,00;0,00;249,52;0,00;0,00;134,88;249,52
661A;332011925;FT-IONAT NOIR REPS 2-2 L1920;2280455;66;M;FG;vivant;0,000;0,000;232,730;0,00;0,00;430,54;0,00;0,00;232,73;430,54
661A;332011925;FT-IONAT NOIR REPS 2-2 L1920;2280456;66;M;FG;vivant;0,000;0,000;377,530;0,00;0,00;698,42;0,00;0,00;377,53;698,42
661A;332011925;FT-IONAT NOIR REPS 2-2 L1920;2329529;66;M;FG;vivant;0,000;0,000;522,970;0,00;0,00;967,48;0,00;0,00;522,97;967,48
661A;332011925;FT-IONAT NOIR REPS 2-2 L1920;2345841;66;M;FG;vivant;0,000;0,000;65,830;0,00;0,00;121,78;0,00;0,00;65,83;121,78
661A;332011925;FT-IONAT NOIR REPS 2-2 L1920;2372229;66;M;FG;vivant;0,000;0,000;36,290;0,00;0,00;67,14;0,00;0,00;36,29;67,14
661A;332011925;FT-IONAT NOIR REPS 2-2 L1920;2394470;66;M;FG;vivant;0,000;0,000;516,150;0,00;0,00;954,86;0,00;0,00;516,15;954,86
661E;332011925;FT-IONAT NOIR REPS 2-2 L1920;2297536;66;M;FG;vivant;270,510;0,000;0,000;500,43;0,00;0,00;270,51;500,43;0,00;0,00
661E;332011925;FT-IONAT NOIR REPS 2-2 L1920;2319594;66;M;FG;vivant;0,050;0,000;0,000;0,09;0,00;0,00;0,05;0,09;0,00;0,00
662A;332011982;TWY-PES FTF 340/96 BISO/ECR100T S ANT;312480;66;KG;WIP;vivant;494,000;0,000;0,000;3 704,81;0,00;0,00;494,00;3 704,81;0,00;0,00
661A;332012033;WA-RIMINI 3X167 TM NOIR P225APF;2394774;66;M;WIP;vivant;4 500,000;0,000;0,000;2 374,47;0,00;0,00;4 500,00;2 374,47;0,00;0,00
662A;332012132;YAR-PES FTF2X1678 TM JAUNE SOL ANTEX;289164;66;KG;RM;vivant;15,000;0,000;0,000;154,05;0,00;0,00;15,00;154,05;0,00;0,00
662A;332012132;YAR-PES FTF2X1678 TM JAUNE SOL ANTEX;350164;66;KG;RM;vivant;721,430;0,000;0,000;0,00;0,00;0,00;721,43;0,00;0,00;0,00
661A;332012137;WT-TUN  PICUS TM NOIR JAUNEARJET P225D20;239246334C;66;M;WIP;vivant;1 240,000;0,000;0,000;2 933,65;0,00;0,00;1 240,00;2 933,65;0,00;0,00
661A;332012137;WT-TUN  PICUS TM NOIR JAUNEARJET P225D20;239672234C;66;M;WIP;vivant;1 600,000;0,000;0,000;3 785,36;0,00;0,00;1 600,00;3 785,36;0,00;0,00
661A;332012156;LAM-TEP MCKNLEY 3MM;2147832;66;M;FG;vivant;101,290;0,000;0,000;1 191,11;0,00;0,00;101,29;1 191,11;0,00;0,00
661A;332012170;LAM-TEP MACKNLEY 6MM;2148180;66;M;FG;vivant;74,560;0,000;0,000;926,89;0,00;0,00;74,56;926,89;0,00;0,00
661C;332012194;TWY-PES FTF1X250 PISARA SEQUAL 250T/S AN;352242;66;KG;RM;vivant;100,000;0,000;0,000;438,00;0,00;0,00;100,00;438,00;0,00;0,00
662A;332012194;TWY-PES FTF1X250 PISARA SEQUAL 250T/S AN;346190;66;KG;RM;vivant;1 057,270;0,000;0,000;4 630,84;0,00;0,00;1 057,27;4 630,84;0,00;0,00
662A;332012194;TWY-PES FTF1X250 PISARA SEQUAL 250T/S AN;351606;66;KG;RM;vivant;1 284,000;0,000;0,000;5 623,92;0,00;0,00;1 284,00;5 623,92;0,00;0,00
662A;332012194;TWY-PES FTF1X250 PISARA SEQUAL 250T/S AN;351606;66;KG;RM;vivant;1 705,640;0,000;0,000;0,00;0,00;0,00;1 705,64;0,00;0,00;0,00
662A;332012194;TWY-PES FTF1X250 PISARA SEQUAL 250T/S AN;352242;66;KG;RM;vivant;8 112,330;0,000;0,000;0,00;0,00;0,00;8 112,33;0,00;0,00;0,00
661D;332012199;PES FTF2X167/34  BI-50  LLORET SEAQ ANT;346244;66;KG;RM;vivant;254,350;0,000;0,000;1 996,65;0,00;0,00;254,35;1 996,65;0,00;0,00
661D;332012199;PES FTF2X167/34  BI-50  LLORET SEAQ ANT;346245;66;KG;RM;vivant;178,000;0,000;0,000;1 397,30;0,00;0,00;178,00;1 397,30;0,00;0,00
662A;332012199;PES FTF2X167/34  BI-50  LLORET SEAQ ANT;346244;66;KG;RM;vivant;246,180;0,000;0,000;0,00;0,00;0,00;246,18;0,00;0,00;0,00
662A;332012199;PES FTF2X167/34  BI-50  LLORET SEAQ ANT;349290;66;KG;RM;vivant;1 849,180;0,000;0,000;0,00;0,00;0,00;1 849,18;0,00;0,00;0,00
662A;332012199;PES FTF2X167/34  BI-50  LLORET SEAQ ANT;351504;66;KG;RM;vivant;0,000;1 859,590;0,000;0,00;0,00;0,00;1 859,59;0,00;0,00;0,00
;332012212;YAR-PES FTF 340/96 TM 1ECR/1BISON ANT;332281;66;KG;RM;vivant;2 480,097;0,000;0,000;15 699,02;0,00;0,00;2 480,10;15 699,02;0,00;0,00
661A;332012231;MS AE28BF 3,3MM 1600MM TG;05081;66;M;RM;vivant;337,300;0,000;0,000;254,66;0,00;0,00;337,30;254,66;0,00;0,00
661A;332012298;FT-RIMINI MISTRAL L192 HZD - Vrac;2364033;66;M;FG;vivant;0,000;69,480;0,000;0,00;146,98;0,00;69,48;146,98;0,00;0,00
661E;332012298;FT-RIMINI MISTRAL L192 HZD - Vrac;2387002;66;M;FG;vivant;115,670;0,000;0,000;244,69;0,00;0,00;115,67;244,69;0,00;0,00
661A;332012354;PES FTF2X167/48BI-50 TER SEAQUAL ANTEX;318506;66;KG;RM;vivant;14,650;0,000;0,000;146,94;0,00;0,00;14,65;146,94;0,00;0,00
661A;332012354;PES FTF2X167/48BI-50 TER SEAQUAL ANTEX;359621;66;KG;RM;vivant;865,120;0,000;0,000;0,00;0,00;0,00;865,12;0,00;0,00;0,00
661D;332012354;PES FTF2X167/48BI-50 TER SEAQUAL ANTEX;341049;66;KG;RM;vivant;10,310;0,000;0,000;103,41;0,00;0,00;10,31;103,41;0,00;0,00
661G;332012373;TWY-PES 3X175 TMR ARTG 150T S APF (TTG);2401095;66;KG;RM;vivant;588,000;0,000;0,000;1 660,58;0,00;0,00;588,00;1 660,58;0,00;0,00
661A;332012378;WT- BRASILIA CHINE TP ARJET P231 D22;238854736C;66;M;WIP;vivant;677,000;660,000;0,000;2 092,05;2 039,51;0,00;1 337,00;4 131,56;0,00;0,00
661A;332012491;MS AE28BF GT 2040*2,6TG;2610083010;66;M;RM;vivant;0,000;0,000;532,000;0,00;0,00;0,00;0,00;0,00;532,00;0,00
661A;332012491;MS AE28BF GT 2040*2,6TG;2610085005;66;M;RM;vivant;529,000;0,000;0,000;0,00;0,00;0,00;529,00;0,00;0,00;0,00
661A;332012491;MS AE28BF GT 2040*2,6TG;2611076029;66;M;RM;vivant;169,400;0,000;0,000;0,00;0,00;0,00;169,40;0,00;0,00;0,00
661A;332012491;MS AE28BF GT 2040*2,6TG;2613085025;66;M;RM;vivant;527,400;0,000;0,000;0,00;0,00;0,00;527,40;0,00;0,00;0,00
661A;332012491;MS AE28BF GT 2040*2,6TG;2616077006;66;M;RM;vivant;534,000;0,000;0,000;0,00;0,00;0,00;534,00;0,00;0,00;0,00
661A;332012491;MS AE28BF GT 2040*2,6TG;2616077012;66;M;RM;vivant;535,000;0,000;0,000;0,00;0,00;0,00;535,00;0,00;0,00;0,00
661A;332012491;MS AE28BF GT 2040*2,6TG;2616077013;66;M;RM;vivant;536,000;0,000;0,000;0,00;0,00;0,00;536,00;0,00;0,00;0,00
661A;332012491;MS AE28BF GT 2040*2,6TG;2616077014;66;M;RM;vivant;535,000;0,000;0,000;0,00;0,00;0,00;535,00;0,00;0,00;0,00
661A;332012491;MS AE28BF GT 2040*2,6TG;2616077015;66;M;RM;vivant;536,000;0,000;0,000;0,00;0,00;0,00;536,00;0,00;0,00;0,00
661A;332012491;MS AE28BF GT 2040*2,6TG;2616077020;66;M;RM;vivant;540,000;0,000;0,000;0,00;0,00;0,00;540,00;0,00;0,00;0,00
661A;332012491;MS AE28BF GT 2040*2,6TG;2616077025;66;M;RM;vivant;220,000;0,000;0,000;0,00;0,00;0,00;220,00;0,00;0,00;0,00
661A;332012491;MS AE28BF GT 2040*2,6TG;2617055014;66;M;RM;vivant;534,000;0,000;0,000;0,00;0,00;0,00;534,00;0,00;0,00;0,00
661A;332012491;MS AE28BF GT 2040*2,6TG;2617055015;66;M;RM;vivant;534,000;0,000;0,000;0,00;0,00;0,00;534,00;0,00;0,00;0,00
661A;332012491;MS AE28BF GT 2040*2,6TG;2617055019;66;M;RM;vivant;535,000;0,000;0,000;0,00;0,00;0,00;535,00;0,00;0,00;0,00
661A;332012491;MS AE28BF GT 2040*2,6TG;2617055020;66;M;RM;vivant;535,000;0,000;0,000;0,00;0,00;0,00;535,00;0,00;0,00;0,00
661A;332012491;MS AE28BF GT 2040*2,6TG;2618088001;66;M;RM;vivant;542,800;0,000;0,000;0,00;0,00;0,00;542,80;0,00;0,00;0,00
661A;332012491;MS AE28BF GT 2040*2,6TG;2618088002;66;M;RM;vivant;542,500;0,000;0,000;0,00;0,00;0,00;542,50;0,00;0,00;0,00
661A;332012491;MS AE28BF GT 2040*2,6TG;2618088003;66;M;RM;vivant;542,500;0,000;0,000;0,00;0,00;0,00;542,50;0,00;0,00;0,00
661A;332012491;MS AE28BF GT 2040*2,6TG;2618088004;66;M;RM;vivant;542,500;0,000;0,000;0,00;0,00;0,00;542,50;0,00;0,00;0,00
661A;332012491;MS AE28BF GT 2040*2,6TG;2618088015;66;M;RM;vivant;543,700;0,000;0,000;0,00;0,00;0,00;543,70;0,00;0,00;0,00
661A;332012491;MS AE28BF GT 2040*2,6TG;2618088016;66;M;RM;vivant;543,900;0,000;0,000;0,00;0,00;0,00;543,90;0,00;0,00;0,00
661A;332012491;MS AE28BF GT 2040*2,6TG;2618088017;66;M;RM;vivant;543,500;0,000;0,000;0,00;0,00;0,00;543,50;0,00;0,00;0,00
661A;332012491;MS AE28BF GT 2040*2,6TG;2618088018;66;M;RM;vivant;543,100;0,000;0,000;0,00;0,00;0,00;543,10;0,00;0,00;0,00
661A;332012491;MS AE28BF GT 2040*2,6TG;2619093004;66;M;RM;vivant;529,400;0,000;0,000;0,00;0,00;0,00;529,40;0,00;0,00;0,00
661A;332012491;MS AE28BF GT 2040*2,6TG;2619093009;66;M;RM;vivant;538,500;0,000;0,000;0,00;0,00;0,00;538,50;0,00;0,00;0,00
661A;332012491;MS AE28BF GT 2040*2,6TG;2619093010;66;M;RM;vivant;539,000;0,000;0,000;0,00;0,00;0,00;539,00;0,00;0,00;0,00
661A;332012491;MS AE28BF GT 2040*2,6TG;2619093011;66;M;RM;vivant;539,100;0,000;0,000;0,00;0,00;0,00;539,10;0,00;0,00;0,00
661A;332012491;MS AE28BF GT 2040*2,6TG;2619093012;66;M;RM;vivant;539,100;0,000;0,000;0,00;0,00;0,00;539,10;0,00;0,00;0,00
661A;332012491;MS AE28BF GT 2040*2,6TG;2619093013;66;M;RM;vivant;539,200;0,000;0,000;0,00;0,00;0,00;539,20;0,00;0,00;0,00
661A;332012491;MS AE28BF GT 2040*2,6TG;2619093014;66;M;RM;vivant;539,300;0,000;0,000;0,00;0,00;0,00;539,30;0,00;0,00;0,00
661A;332012491;MS AE28BF GT 2040*2,6TG;2619093015;66;M;RM;vivant;538,800;0,000;0,000;0,00;0,00;0,00;538,80;0,00;0,00;0,00
661E;332012491;MS AE28BF GT 2040*2,6TG;2609081028;66;M;RM;vivant;58,000;0,000;0,000;42,22;0,00;0,00;58,00;42,22;0,00;0,00
661E;332012491;MS AE28BF GT 2040*2,6TG;2618088009;66;M;RM;vivant;70,500;0,000;0,000;51,32;0,00;0,00;70,50;51,32;0,00;0,00
661E;332012491;MS AE28BF GT 2040*2,6TG;2618088010;66;M;RM;vivant;394,751;0,000;0,000;287,38;0,00;0,00;394,75;287,38;0,00;0,00
661E;332012491;MS AE28BF GT 2040*2,6TG;2618088021;66;M;RM;vivant;425,300;0,000;0,000;309,62;0,00;0,00;425,30;309,62;0,00;0,00
661E;332012491;MS AE28BF GT 2040*2,6TG;2618088023;66;M;RM;vivant;68,400;0,000;0,000;49,80;0,00;0,00;68,40;49,80;0,00;0,00
661E;332012491;MS AE28BF GT 2040*2,6TG;2618088024;66;M;RM;vivant;178,200;0,000;0,000;129,73;0,00;0,00;178,20;129,73;0,00;0,00
661E;332012491;MS AE28BF GT 2040*2,6TG;2619093002;66;M;RM;vivant;305,200;0,000;0,000;222,19;0,00;0,00;305,20;222,19;0,00;0,00
662A;332012491;MS AE28BF GT 2040*2,6TG;2610081009;66;M;RM;vivant;534,000;0,000;0,000;0,00;0,00;0,00;534,00;0,00;0,00;0,00
661E;332012496;MS AE28BF GT 1980x2,7 TG;2414053008;66;M;RM;vivant;281,600;0,000;0,000;0,00;0,00;0,00;281,60;0,00;0,00;0,00
661A;332012514;LAM IONAT REPS 2-2 MISTRAL 1900MM 2MM;2269930;66;M;FG;vivant;0,000;0,000;22,150;0,00;0,00;76,50;0,00;0,00;22,15;76,50
661A;332012514;LAM IONAT REPS 2-2 MISTRAL 1900MM 2MM;2330028;66;M;FG;vivant;1,000;0,000;0,000;3,45;0,00;0,00;1,00;3,45;0,00;0,00
661A;332012514;LAM IONAT REPS 2-2 MISTRAL 1900MM 2MM;2350387;66;M;FG;vivant;0,000;0,000;39,200;0,00;0,00;135,38;0,00;0,00;39,20;135,38
661A;332012514;LAM IONAT REPS 2-2 MISTRAL 1900MM 2MM;2361289;66;M;FG;vivant;0,000;0,000;17,390;0,00;0,00;60,06;0,00;0,00;17,39;60,06
661A;332012514;LAM IONAT REPS 2-2 MISTRAL 1900MM 2MM;2368497;66;M;FG;vivant;0,000;0,000;27,040;0,00;0,00;93,38;0,00;0,00;27,04;93,38
661A;332012514;LAM IONAT REPS 2-2 MISTRAL 1900MM 2MM;2368573;66;M;FG;vivant;0,000;0,000;15,680;0,00;0,00;54,15;0,00;0,00;15,68;54,15
661A;332012514;LAM IONAT REPS 2-2 MISTRAL 1900MM 2MM;2377795;66;M;FG;vivant;0,000;0,000;26,880;0,00;0,00;92,83;0,00;0,00;26,88;92,83
661A;332012514;LAM IONAT REPS 2-2 MISTRAL 1900MM 2MM;2388570;66;M;FG;vivant;0,000;0,000;76,920;0,00;0,00;265,65;0,00;0,00;76,92;265,65
661A;332012514;LAM IONAT REPS 2-2 MISTRAL 1900MM 2MM;2389612;66;M;FG;vivant;0,000;0,000;78,840;0,00;0,00;272,28;0,00;0,00;78,84;272,28
661A;332012514;LAM IONAT REPS 2-2 MISTRAL 1900MM 2MM;2393259;66;M;FG;vivant;0,000;0,000;81,550;0,00;0,00;281,64;0,00;0,00;81,55;281,64
661A;332012514;LAM IONAT REPS 2-2 MISTRAL 1900MM 2MM;2394286;66;M;FG;vivant;0,000;0,000;62,100;0,00;0,00;214,46;0,00;0,00;62,10;214,46
661A;332012514;LAM IONAT REPS 2-2 MISTRAL 1900MM 2MM;2401300;66;M;FG;vivant;1 329,710;0,000;0,000;4 592,19;0,00;0,00;1 329,71;4 592,19;0,00;0,00
661A;332012514;LAM IONAT REPS 2-2 MISTRAL 1900MM 2MM;2401480;66;M;FG;vivant;269,210;0,000;0,000;929,72;0,00;0,00;269,21;929,72;0,00;0,00
661A;332012514;LAM IONAT REPS 2-2 MISTRAL 1900MM 2MM;2401481;66;M;FG;vivant;1 324,110;0,000;0,000;4 572,85;0,00;0,00;1 324,11;4 572,85;0,00;0,00
661A;332012514;LAM IONAT REPS 2-2 MISTRAL 1900MM 2MM;2401487;66;M;FG;vivant;0,000;925,560;0,000;0,00;3 196,45;0,00;925,56;3 196,45;0,00;0,00
661A;332012514;LAM IONAT REPS 2-2 MISTRAL 1900MM 2MM;2401494;66;M;FG;vivant;920,450;0,000;0,000;3 178,80;0,00;0,00;920,45;3 178,80;0,00;0,00
661A;332012514;LAM IONAT REPS 2-2 MISTRAL 1900MM 2MM;2402665;66;M;FG;vivant;0,000;426,150;0,000;0,00;1 471,72;0,00;426,15;1 471,72;0,00;0,00
661A;332012514;LAM IONAT REPS 2-2 MISTRAL 1900MM 2MM;2402667;66;M;FG;vivant;0,000;459,850;0,000;0,00;1 588,10;0,00;459,85;1 588,10;0,00;0,00
661A;332012514;LAM IONAT REPS 2-2 MISTRAL 1900MM 2MM;2402671;66;M;FG;vivant;0,000;280,630;0,000;0,00;969,16;0,00;280,63;969,16;0,00;0,00
661E;332012514;LAM IONAT REPS 2-2 MISTRAL 1900MM 2MM;2224826;66;M;FG;vivant;1,380;0,000;0,000;4,77;0,00;0,00;1,38;4,77;0,00;0,00
661A;332012538;TWY-PES FTF 2X170 NOIR 350TS FIFTY-TTG;2336330;66;KG;RM;vivant;30,000;0,000;0,000;96,56;0,00;0,00;30,00;96,56;0,00;0,00
661C;332012538;TWY-PES FTF 2X170 NOIR 350TS FIFTY-TTG;2330091;66;KG;RM;vivant;40,000;0,000;0,000;128,74;0,00;0,00;40,00;128,74;0,00;0,00
661C;332012538;TWY-PES FTF 2X170 NOIR 350TS FIFTY-TTG;2350106;66;KG;RM;vivant;35,000;0,000;0,000;112,65;0,00;0,00;35,00;112,65;0,00;0,00
661C;332012538;TWY-PES FTF 2X170 NOIR 350TS FIFTY-TTG;2355479;66;KG;RM;vivant;202,200;0,000;0,000;650,79;0,00;0,00;202,20;650,79;0,00;0,00
661C;332012538;TWY-PES FTF 2X170 NOIR 350TS FIFTY-TTG;2356241;66;KG;RM;vivant;20,000;0,000;0,000;64,37;0,00;0,00;20,00;64,37;0,00;0,00
661C;332012538;TWY-PES FTF 2X170 NOIR 350TS FIFTY-TTG;2357401;66;KG;RM;vivant;30,000;0,000;0,000;96,56;0,00;0,00;30,00;96,56;0,00;0,00
661C;332012538;TWY-PES FTF 2X170 NOIR 350TS FIFTY-TTG;2370630;66;KG;RM;vivant;35,000;0,000;0,000;112,65;0,00;0,00;35,00;112,65;0,00;0,00
661C;332012538;TWY-PES FTF 2X170 NOIR 350TS FIFTY-TTG;2372856;66;KG;RM;vivant;18,000;0,000;0,000;57,93;0,00;0,00;18,00;57,93;0,00;0,00
661C;332012538;TWY-PES FTF 2X170 NOIR 350TS FIFTY-TTG;2376886;66;KG;RM;vivant;18,000;0,000;0,000;57,93;0,00;0,00;18,00;57,93;0,00;0,00
661C;332012538;TWY-PES FTF 2X170 NOIR 350TS FIFTY-TTG;2390551;66;KG;RM;vivant;200,000;0,000;0,000;643,71;0,00;0,00;200,00;643,71;0,00;0,00
661G;332012538;TWY-PES FTF 2X170 NOIR 350TS FIFTY-TTG;2402802;66;KG;RM;vivant;881,000;0,000;0,000;2 835,53;0,00;0,00;881,00;2 835,53;0,00;0,00
662A;332012538;TWY-PES FTF 2X170 NOIR 350TS FIFTY-TTG;2261345;66;KG;RM;vivant;340,000;0,000;0,000;1 094,30;0,00;0,00;340,00;1 094,30;0,00;0,00
662A;332012538;TWY-PES FTF 2X170 NOIR 350TS FIFTY-TTG;2276203;66;KG;RM;vivant;316,000;0,000;0,000;1 017,06;0,00;0,00;316,00;1 017,06;0,00;0,00
662A;332012538;TWY-PES FTF 2X170 NOIR 350TS FIFTY-TTG;2309622;66;KG;RM;vivant;160,000;0,000;0,000;514,96;0,00;0,00;160,00;514,96;0,00;0,00
662A;332012538;TWY-PES FTF 2X170 NOIR 350TS FIFTY-TTG;2319600;66;KG;RM;vivant;223,000;0,000;0,000;717,73;0,00;0,00;223,00;717,73;0,00;0,00
662A;332012538;TWY-PES FTF 2X170 NOIR 350TS FIFTY-TTG;2330091;66;KG;RM;vivant;30,000;0,000;0,000;96,56;0,00;0,00;30,00;96,56;0,00;0,00
662A;332012538;TWY-PES FTF 2X170 NOIR 350TS FIFTY-TTG;2345602;66;KG;RM;vivant;120,000;0,000;0,000;386,22;0,00;0,00;120,00;386,22;0,00;0,00
661A;332012590;WT-TUN STRITON FLEX  JAC AG;225646791H;66;M;WIP;vivant;207,000;0,000;0,000;644,45;0,00;0,00;207,00;644,45;0,00;0,00
661A;332012590;WT-TUN STRITON FLEX  JAC AG;229301191H;66;M;WIP;vivant;248,000;0,000;0,000;772,10;0,00;0,00;248,00;772,10;0,00;0,00
661A;332012590;WT-TUN STRITON FLEX  JAC AG;232441991H;66;M;WIP;vivant;650,000;0,000;0,000;2 023,64;0,00;0,00;650,00;2 023,64;0,00;0,00
661A;332012712;LAM DIAGONALTY NARBONAIS 1900MM 2MM;2213543;66;M;FG ;vivant;0,000;0,000;77,470;0,00;0,00;303,61;0,00;0,00;77,47;303,61
661A;332012712;LAM DIAGONALTY NARBONAIS 1900MM 2MM;2399830;66;M;FG ;vivant;83,780;0,000;0,000;328,34;0,00;0,00;83,78;328,34;0,00;0,00
661A;332012712;LAM DIAGONALTY NARBONAIS 1900MM 2MM;2399833;66;M;FG ;vivant;339,500;0,000;0,000;1 330,53;0,00;0,00;339,50;1 330,53;0,00;0,00
;332012750;YAR-PES FTF2X167/48 NOIR RECYCLE FIFTY;C33055;66;KG;RM;vivant;5,539;0,000;0,000;14,84;0,00;0,00;5,54;14,84;0,00;0,00
661A;332012750;YAR-PES FTF2X167/48 NOIR RECYCLE FIFTY;C33073;66;KG;RM;vivant;1 640,000;0,000;0,000;4 395,20;0,00;0,00;1 640,00;4 395,20;0,00;0,00
661C;332012750;YAR-PES FTF2X167/48 NOIR RECYCLE FIFTY;C33073;66;KG;RM;vivant;120,401;0,000;0,000;322,67;0,00;0,00;120,40;322,67;0,00;0,00
662A;332012750;YAR-PES FTF2X167/48 NOIR RECYCLE FIFTY;C33063;66;KG;RM;vivant;1 120,000;0,000;0,000;3 001,60;0,00;0,00;1 120,00;3 001,60;0,00;0,00
662A;332012750;YAR-PES FTF2X167/48 NOIR RECYCLE FIFTY;C33069;66;KG;RM;vivant;270,000;0,000;0,000;723,60;0,00;0,00;270,00;723,60;0,00;0,00
662A;332012750;YAR-PES FTF2X167/48 NOIR RECYCLE FIFTY;C33073;66;KG;RM;vivant;2 695,000;0,000;0,000;7 222,60;0,00;0,00;2 695,00;7 222,60;0,00;0,00
662A;332012774;YAR- PES.DTY 1X167/48.RND.RECYCE. ANT;292514;66;KG;RM;vivant;55,000;0,000;0,000;113,85;0,00;0,00;55,00;113,85;0,00;0,00
661A;332012873;FT-TUN MODENE G902 NIXON HYC 1920 mm;2284343;66;M;FG ;vivant;0,000;0,000;1 077,360;0,00;0,00;3 258,74;0,00;0,00;1 077,36;3 258,74
661A;332012873;FT-TUN MODENE G902 NIXON HYC 1920 mm;2303190;66;M;FG ;vivant;0,000;0,000;685,260;0,00;0,00;2 072,74;0,00;0,00;685,26;2 072,74
661A;332012873;FT-TUN MODENE G902 NIXON HYC 1920 mm;2366204;66;M;FG ;vivant;680,740;0,000;0,000;2 059,07;0,00;0,00;680,74;2 059,07;0,00;0,00
661A;332012873;FT-TUN MODENE G902 NIXON HYC 1920 mm;2366221;66;M;FG ;vivant;678,110;0,000;0,000;2 051,11;0,00;0,00;678,11;2 051,11;0,00;0,00
661A;332012878;WT-MODENE G902 NIXON HYC P222 D22;236101013B;66;M;WIP;vivant;905,000;0,000;0,000;2 083,41;0,00;0,00;905,00;2 083,41;0,00;0,00
662A;332012934;TWY-PES FTF 2X170 FER ECR 350T S HYS-TTG;1807415;66;KG;RM ;vivant;55,000;0,000;0,000;188,57;0,00;0,00;55,00;188,57;0,00;0,00
662A;332012934;TWY-PES FTF 2X170 FER ECR 350T S HYS-TTG;1821671;66;KG;RM ;vivant;100,000;0,000;0,000;342,85;0,00;0,00;100,00;342,85;0,00;0,00
661A;332012958;YAR-PES FTF 3X177/48 FE ECRU APF;6P1572;66;KG;RM;vivant;5 267,500;0,000;0,000;9 985,32;0,00;0,00;5 267,50;9 985,32;0,00;0,00
661C;332012958;YAR-PES FTF 3X177/48 FE ECRU APF;6P1572;66;KG;RM;vivant;1 348,800;0,000;0,000;2 556,85;0,00;0,00;1 348,80;2 556,85;0,00;0,00
662A;332012958;YAR-PES FTF 3X177/48 FE ECRU APF;6P1572;66;KG;RM;vivant;2 210,820;0,000;0,000;4 190,93;0,00;0,00;2 210,82;4 190,93;0,00;0,00
661A;332012972;YAR-PES FTF 2X167/48  1CHINE/1BISE  RECY;31483;66;KG;RM;vivant;610,000;0,000;0,000;4 001,60;0,00;0,00;610,00;4 001,60;0,00;0,00
661A;332012972;YAR-PES FTF 2X167/48  1CHINE/1BISE  RECY;31588;66;KG;RM;vivant;2 130,500;0,000;0,000;13 976,08;0,00;0,00;2 130,50;13 976,08;0,00;0,00
662A;332012972;YAR-PES FTF 2X167/48  1CHINE/1BISE  RECY;078330;66;KG;RM;vivant;60,000;0,000;0,000;393,60;0,00;0,00;60,00;393,60;0,00;0,00
661A;332012977;MS AE28BF GT 1950*11MM TG;2523055001;66;M;RM;vivant;87,300;0,000;0,000;0,00;0,00;0,00;87,30;0,00;0,00;0,00
661A;332012977;MS AE28BF GT 1950*11MM TG;2538077028;66;M;RM;vivant;86,500;0,000;0,000;0,00;0,00;0,00;86,50;0,00;0,00;0,00
661A;332012977;MS AE28BF GT 1950*11MM TG;2538077029;66;M;RM;vivant;86,500;0,000;0,000;0,00;0,00;0,00;86,50;0,00;0,00;0,00
661A;332012977;MS AE28BF GT 1950*11MM TG;2538077030;66;M;RM;vivant;87,400;0,000;0,000;0,00;0,00;0,00;87,40;0,00;0,00;0,00
661A;332012977;MS AE28BF GT 1950*11MM TG;2610079028;66;M;RM;vivant;52,400;0,000;0,000;0,00;0,00;0,00;52,40;0,00;0,00;0,00
661A;332012977;MS AE28BF GT 1950*11MM TG;2611073027;66;M;RM;vivant;54,000;0,000;0,000;0,00;0,00;0,00;54,00;0,00;0,00;0,00
661A;332012977;MS AE28BF GT 1950*11MM TG;2611074003;66;M;RM;vivant;117,000;0,000;0,000;0,00;0,00;0,00;117,00;0,00;0,00;0,00
661A;332012977;MS AE28BF GT 1950*11MM TG;2611074029;66;M;RM;vivant;52,000;0,000;0,000;0,00;0,00;0,00;52,00;0,00;0,00;0,00
661A;332012977;MS AE28BF GT 1950*11MM TG;2612081024;66;M;RM;vivant;120,400;0,000;0,000;0,00;0,00;0,00;120,40;0,00;0,00;0,00
661A;332012977;MS AE28BF GT 1950*11MM TG;2612081025;66;M;RM;vivant;120,600;0,000;0,000;0,00;0,00;0,00;120,60;0,00;0,00;0,00
661A;332012977;MS AE28BF GT 1950*11MM TG;2612081026;66;M;RM;vivant;53,400;0,000;0,000;0,00;0,00;0,00;53,40;0,00;0,00;0,00
661A;332012977;MS AE28BF GT 1950*11MM TG;2615057001;66;M;RM;vivant;119,300;0,000;0,000;0,00;0,00;0,00;119,30;0,00;0,00;0,00
661A;332012977;MS AE28BF GT 1950*11MM TG;2615057011;66;M;RM;vivant;119,800;0,000;0,000;0,00;0,00;0,00;119,80;0,00;0,00;0,00
661A;332012977;MS AE28BF GT 1950*11MM TG;2615057012;66;M;RM;vivant;119,300;0,000;0,000;0,00;0,00;0,00;119,30;0,00;0,00;0,00
661A;332012977;MS AE28BF GT 1950*11MM TG;2615057013;66;M;RM;vivant;119,900;0,000;0,000;0,00;0,00;0,00;119,90;0,00;0,00;0,00
661A;332012977;MS AE28BF GT 1950*11MM TG;2615057014;66;M;RM;vivant;119,800;0,000;0,000;0,00;0,00;0,00;119,80;0,00;0,00;0,00
661A;332012977;MS AE28BF GT 1950*11MM TG;2615057026;66;M;RM;vivant;52,800;0,000;0,000;0,00;0,00;0,00;52,80;0,00;0,00;0,00
661A;332012977;MS AE28BF GT 1950*11MM TG;2616072004;66;M;RM;vivant;118,000;0,000;0,000;0,00;0,00;0,00;118,00;0,00;0,00;0,00
661A;332012977;MS AE28BF GT 1950*11MM TG;2616072023;66;M;RM;vivant;119,000;0,000;0,000;0,00;0,00;0,00;119,00;0,00;0,00;0,00
661A;332012977;MS AE28BF GT 1950*11MM TG;2616072026;66;M;RM;vivant;56,000;0,000;0,000;0,00;0,00;0,00;56,00;0,00;0,00;0,00
661A;332012977;MS AE28BF GT 1950*11MM TG;2616074001;66;M;RM;vivant;118,000;0,000;0,000;0,00;0,00;0,00;118,00;0,00;0,00;0,00
661A;332012977;MS AE28BF GT 1950*11MM TG;2617049018;66;M;RM;vivant;120,000;0,000;0,000;0,00;0,00;0,00;120,00;0,00;0,00;0,00
661A;332012977;MS AE28BF GT 1950*11MM TG;2617051003;66;M;RM;vivant;117,000;0,000;0,000;0,00;0,00;0,00;117,00;0,00;0,00;0,00
661A;332012977;MS AE28BF GT 1950*11MM TG;2617051028;66;M;RM;vivant;56,000;0,000;0,000;0,00;0,00;0,00;56,00;0,00;0,00;0,00
661A;332012977;MS AE28BF GT 1950*11MM TG;2618083010;66;M;RM;vivant;118,000;0,000;0,000;0,00;0,00;0,00;118,00;0,00;0,00;0,00
661A;332012977;MS AE28BF GT 1950*11MM TG;2618083023;66;M;RM;vivant;119,000;0,000;0,000;0,00;0,00;0,00;119,00;0,00;0,00;0,00
661A;332012977;MS AE28BF GT 1950*11MM TG;2618086004;66;M;RM;vivant;110,100;0,000;0,000;0,00;0,00;0,00;110,10;0,00;0,00;0,00
661A;332012977;MS AE28BF GT 1950*11MM TG;2618086026;66;M;RM;vivant;120,400;0,000;0,000;0,00;0,00;0,00;120,40;0,00;0,00;0,00
661A;332012977;MS AE28BF GT 1950*11MM TG;2618086027;66;M;RM;vivant;120,300;0,000;0,000;0,00;0,00;0,00;120,30;0,00;0,00;0,00
661A;332012977;MS AE28BF GT 1950*11MM TG;2618086028;66;M;RM;vivant;53,700;0,000;0,000;0,00;0,00;0,00;53,70;0,00;0,00;0,00
661A;332012977;MS AE28BF GT 1950*11MM TG;2619087019;66;M;RM;vivant;120,600;0,000;0,000;0,00;0,00;0,00;120,60;0,00;0,00;0,00
661A;332012977;MS AE28BF GT 1950*11MM TG;2619087020;66;M;RM;vivant;120,000;0,000;0,000;0,00;0,00;0,00;120,00;0,00;0,00;0,00
661A;332012977;MS AE28BF GT 1950*11MM TG;2619087021;66;M;RM;vivant;120,200;0,000;0,000;0,00;0,00;0,00;120,20;0,00;0,00;0,00
661A;332012977;MS AE28BF GT 1950*11MM TG;2619087022;66;M;RM;vivant;120,300;0,000;0,000;0,00;0,00;0,00;120,30;0,00;0,00;0,00
661A;332012977;MS AE28BF GT 1950*11MM TG;2619087023;66;M;RM;vivant;120,500;0,000;0,000;0,00;0,00;0,00;120,50;0,00;0,00;0,00
661A;332012977;MS AE28BF GT 1950*11MM TG;2619087024;66;M;RM;vivant;118,000;0,000;0,000;0,00;0,00;0,00;118,00;0,00;0,00;0,00
661A;332012977;MS AE28BF GT 1950*11MM TG;2619088001;66;M;RM;vivant;120,000;0,000;0,000;0,00;0,00;0,00;120,00;0,00;0,00;0,00
661A;332012977;MS AE28BF GT 1950*11MM TG;2619088002;66;M;RM;vivant;119,600;0,000;0,000;0,00;0,00;0,00;119,60;0,00;0,00;0,00
661A;332012977;MS AE28BF GT 1950*11MM TG;2619088003;66;M;RM;vivant;119,600;0,000;0,000;0,00;0,00;0,00;119,60;0,00;0,00;0,00
661A;332012977;MS AE28BF GT 1950*11MM TG;2619088005;66;M;RM;vivant;119,500;0,000;0,000;0,00;0,00;0,00;119,50;0,00;0,00;0,00
661A;332012977;MS AE28BF GT 1950*11MM TG;2619088006;66;M;RM;vivant;119,600;0,000;0,000;0,00;0,00;0,00;119,60;0,00;0,00;0,00
661A;332012977;MS AE28BF GT 1950*11MM TG;2619088007;66;M;RM;vivant;119,600;0,000;0,000;0,00;0,00;0,00;119,60;0,00;0,00;0,00
661A;332012977;MS AE28BF GT 1950*11MM TG;2619088008;66;M;RM;vivant;119,600;0,000;0,000;0,00;0,00;0,00;119,60;0,00;0,00;0,00
661A;332012977;MS AE28BF GT 1950*11MM TG;2619088009;66;M;RM;vivant;119,600;0,000;0,000;0,00;0,00;0,00;119,60;0,00;0,00;0,00
661A;332012977;MS AE28BF GT 1950*11MM TG;2619088010;66;M;RM;vivant;119,700;0,000;0,000;0,00;0,00;0,00;119,70;0,00;0,00;0,00
661A;332012977;MS AE28BF GT 1950*11MM TG;2619088011;66;M;RM;vivant;119,700;0,000;0,000;0,00;0,00;0,00;119,70;0,00;0,00;0,00
661A;332012977;MS AE28BF GT 1950*11MM TG;2619088012;66;M;RM;vivant;119,100;0,000;0,000;0,00;0,00;0,00;119,10;0,00;0,00;0,00
661A;332012977;MS AE28BF GT 1950*11MM TG;2619088013;66;M;RM;vivant;120,300;0,000;0,000;0,00;0,00;0,00;120,30;0,00;0,00;0,00
661A;332012977;MS AE28BF GT 1950*11MM TG;2619088014;66;M;RM;vivant;119,700;0,000;0,000;0,00;0,00;0,00;119,70;0,00;0,00;0,00
661A;332012977;MS AE28BF GT 1950*11MM TG;2619088015;66;M;RM;vivant;119,800;0,000;0,000;0,00;0,00;0,00;119,80;0,00;0,00;0,00
661A;332012977;MS AE28BF GT 1950*11MM TG;2619088016;66;M;RM;vivant;119,800;0,000;0,000;0,00;0,00;0,00;119,80;0,00;0,00;0,00
661A;332012977;MS AE28BF GT 1950*11MM TG;2619088017;66;M;RM;vivant;119,800;0,000;0,000;0,00;0,00;0,00;119,80;0,00;0,00;0,00
661A;332012977;MS AE28BF GT 1950*11MM TG;2619088018;66;M;RM;vivant;119,800;0,000;0,000;0,00;0,00;0,00;119,80;0,00;0,00;0,00
661A;332012977;MS AE28BF GT 1950*11MM TG;2619088019;66;M;RM;vivant;119,800;0,000;0,000;0,00;0,00;0,00;119,80;0,00;0,00;0,00
661A;332012977;MS AE28BF GT 1950*11MM TG;2619088020;66;M;RM;vivant;119,800;0,000;0,000;0,00;0,00;0,00;119,80;0,00;0,00;0,00
661A;332012977;MS AE28BF GT 1950*11MM TG;2619088021;66;M;RM;vivant;119,900;0,000;0,000;0,00;0,00;0,00;119,90;0,00;0,00;0,00
661A;332012977;MS AE28BF GT 1950*11MM TG;2619088022;66;M;RM;vivant;119,400;0,000;0,000;0,00;0,00;0,00;119,40;0,00;0,00;0,00
661A;332012977;MS AE28BF GT 1950*11MM TG;2619088023;66;M;RM;vivant;120,700;0,000;0,000;0,00;0,00;0,00;120,70;0,00;0,00;0,00
661E;332012977;MS AE28BF GT 1950*11MM TG;2538077031;66;M;RM;vivant;26,600;0,000;0,000;78,36;0,00;0,00;26,60;78,36;0,00;0,00
661E;332012977;MS AE28BF GT 1950*11MM TG;2618083004;66;M;RM;vivant;118,000;0,000;0,000;347,63;0,00;0,00;118,00;347,63;0,00;0,00
661E;332012977;MS AE28BF GT 1950*11MM TG;2618083025;66;M;RM;vivant;116,000;0,000;0,000;341,74;0,00;0,00;116,00;341,74;0,00;0,00
661E;332012977;MS AE28BF GT 1950*11MM TG;2620083002;66;M;RM;vivant;104,000;0,000;0,000;306,38;0,00;0,00;104,00;306,38;0,00;0,00
662A;332012977;MS AE28BF GT 1950*11MM TG;2610076026;66;M;RM;vivant;55,000;0,000;0,000;0,00;0,00;0,00;55,00;0,00;0,00;0,00
662A;332012977;MS AE28BF GT 1950*11MM TG;2610078028;66;M;RM;vivant;112,000;0,000;0,000;0,00;0,00;0,00;112,00;0,00;0,00;0,00
662A;332012977;MS AE28BF GT 1950*11MM TG;2611073004;66;M;RM;vivant;118,000;0,000;0,000;0,00;0,00;0,00;118,00;0,00;0,00;0,00
662A;332012977;MS AE28BF GT 1950*11MM TG;2611073005;66;M;RM;vivant;118,000;0,000;0,000;0,00;0,00;0,00;118,00;0,00;0,00;0,00
662A;332012977;MS AE28BF GT 1950*11MM TG;2611073006;66;M;RM;vivant;118,000;0,000;0,000;0,00;0,00;0,00;118,00;0,00;0,00;0,00
662A;332012977;MS AE28BF GT 1950*11MM TG;2611073007;66;M;RM;vivant;118,000;0,000;0,000;0,00;0,00;0,00;118,00;0,00;0,00;0,00
662A;332012977;MS AE28BF GT 1950*11MM TG;2611073008;66;M;RM;vivant;118,000;0,000;0,000;0,00;0,00;0,00;118,00;0,00;0,00;0,00
661A;332012996;WT-TU NATA IONAT CHINENOIR BIS RECY P226;229867335B;66;M;WIP;vivant;463,000;0,000;0,000;1 140,64;0,00;0,00;463,00;1 140,64;0,00;0,00
661A;332013042;WT-TUN STRITON FLEX  JAC AD;232482691H;66;M;WIP;vivant;414,000;0,000;0,000;1 288,90;0,00;0,00;414,00;1 288,90;0,00;0,00
661A;332013042;WT-TUN STRITON FLEX  JAC AD;232938491H;66;M;WIP;vivant;250,000;0,000;0,000;778,32;0,00;0,00;250,00;778,32;0,00;0,00
661A;332013047;WT-TUN STRITON FLEX  JAC ARG;232952491H;66;M;WIP;vivant;650,000;0,000;0,000;2 018,13;0,00;0,00;650,00;2 018,13;0,00;0,00
661A;332013061;WT-TUN STRITON FLEX  JAC ARD;229501891H;66;M;WIP;vivant;318,000;0,000;0,000;987,33;0,00;0,00;318,00;987,33;0,00;0,00
661C;332013080;YAR-PES FTF 2X167/48 ECRU RECYCLE FIFTY;C36328;66;KG;RM;vivant;150,000;0,000;0,000;349,50;0,00;0,00;150,00;349,50;0,00;0,00
662A;332013080;YAR-PES FTF 2X167/48 ECRU RECYCLE FIFTY;C36328;66;KG;RM;vivant;1 860,000;0,000;0,000;4 333,80;0,00;0,00;1 860,00;4 333,80;0,00;0,00
661A;332013127;WT-TUN STRITON UNI  P220;230300993D;66;M;WIP;vivant;757,000;0,000;0,000;2 759,85;0,00;0,00;757,00;2 759,85;0,00;0,00
661A;332013141;LAM MODENE G902 NIXON HYC 1900MM 2MM;2399805;66;M;FG;vivant;435,740;0,000;0,000;2 044,16;0,00;0,00;435,74;2 044,16;0,00;0,00
661A;332013141;LAM MODENE G902 NIXON HYC 1900MM 2MM;2399806;66;M;FG;vivant;206,650;0,000;0,000;969,45;0,00;0,00;206,65;969,45;0,00;0,00
661A;332013160;FT-NATA IONAT HZE G652  L1920 GR 225;2304038;66;M;FG;vivant;0,000;0,000;953,550;0,00;0,00;2 990,27;0,00;0,00;953,55;2 990,27
661A;332013160;FT-NATA IONAT HZE G652  L1920 GR 225;2341985;66;M;FG;vivant;0,000;0,000;893,440;0,00;0,00;2 801,77;0,00;0,00;893,44;2 801,77
661A;332013160;FT-NATA IONAT HZE G652  L1920 GR 225;2348907;66;M;FG;vivant;0,000;0,000;990,200;0,00;0,00;3 105,21;0,00;0,00;990,20;3 105,21
661A;332013160;FT-NATA IONAT HZE G652  L1920 GR 225;2371350;66;M;FG;vivant;1,450;0,000;0,000;4,55;0,00;0,00;1,45;4,55;0,00;0,00
661A;332013160;FT-NATA IONAT HZE G652  L1920 GR 225;2372829;66;M;FG;vivant;0,000;0,000;951,860;0,00;0,00;2 984,97;0,00;0,00;951,86;2 984,97
661A;332013160;FT-NATA IONAT HZE G652  L1920 GR 225;2400564;66;M;FG;vivant;0,000;955,460;0,000;0,00;2 996,26;0,00;955,46;2 996,26;0,00;0,00
661A;332013160;FT-NATA IONAT HZE G652  L1920 GR 225;2401734;66;M;FG;vivant;0,000;960,250;0,000;0,00;3 011,29;0,00;960,25;3 011,29;0,00;0,00
661A;332013160;FT-NATA IONAT HZE G652  L1920 GR 225;2401736;66;M;FG;vivant;0,000;440,360;0,000;0,00;1 380,94;0,00;440,36;1 380,94;0,00;0,00
661A;332013160;FT-NATA IONAT HZE G652  L1920 GR 225;2401790;66;M;FG;vivant;0,000;619,770;0,000;0,00;1 943,56;0,00;619,77;1 943,56;0,00;0,00
661A;332013165;LAM NATA 1154.B.IONAT HZE REC 1900MM 2MM;2350836;66;M;FG;vivant;0,000;0,000;80,080;0,00;0,00;384,96;0,00;0,00;80,08;384,96
661A;332013165;LAM NATA 1154.B.IONAT HZE REC 1900MM 2MM;2356373;66;M;FG;vivant;0,000;0,000;95,720;0,00;0,00;460,15;0,00;0,00;95,72;460,15
661A;332013165;LAM NATA 1154.B.IONAT HZE REC 1900MM 2MM;2356983;66;M;FG;vivant;88,080;0,000;0,000;423,42;0,00;0,00;88,08;423,42;0,00;0,00
661A;332013165;LAM NATA 1154.B.IONAT HZE REC 1900MM 2MM;2376860;66;M;FG;vivant;0,000;0,000;132,550;0,00;0,00;637,20;0,00;0,00;132,55;637,20
661A;332013165;LAM NATA 1154.B.IONAT HZE REC 1900MM 2MM;2398367;66;M;FG;vivant;332,150;0,000;0,000;1 596,72;0,00;0,00;332,15;1 596,72;0,00;0,00
661A;332013165;LAM NATA 1154.B.IONAT HZE REC 1900MM 2MM;2398369;66;M;FG;vivant;417,810;0,000;0,000;2 008,51;0,00;0,00;417,81;2 008,51;0,00;0,00
661A;332013165;LAM NATA 1154.B.IONAT HZE REC 1900MM 2MM;2399641;66;M;FG;vivant;148,940;0,000;0,000;715,99;0,00;0,00;148,94;715,99;0,00;0,00
661A;332013165;LAM NATA 1154.B.IONAT HZE REC 1900MM 2MM;2399642;66;M;FG;vivant;902,930;0,000;0,000;4 340,59;0,00;0,00;902,93;4 340,59;0,00;0,00
661A;332013165;LAM NATA 1154.B.IONAT HZE REC 1900MM 2MM;2399643;66;M;FG;vivant;938,870;0,000;0,000;4 513,36;0,00;0,00;938,87;4 513,36;0,00;0,00
661A;332013165;LAM NATA 1154.B.IONAT HZE REC 1900MM 2MM;2400319;66;M;FG;vivant;918,280;0,000;0,000;4 414,38;0,00;0,00;918,28;4 414,38;0,00;0,00
661A;332013165;LAM NATA 1154.B.IONAT HZE REC 1900MM 2MM;2400340;66;M;FG;vivant;0,000;0,000;933,500;0,00;0,00;4 487,55;0,00;0,00;933,50;4 487,55
661A;332013165;LAM NATA 1154.B.IONAT HZE REC 1900MM 2MM;2400492;66;M;FG;vivant;0,000;0,000;923,230;0,00;0,00;4 438,18;0,00;0,00;923,23;4 438,18
662A;332013184;TWY-PES FTF2X170/48NOI REC250T S FIF-TTG;1750489;66;KG;RM;vivant;326,000;0,000;0,000;1 080,16;0,00;0,00;326,00;1 080,16;0,00;0,00
661A;332013202;FT- STRITON  DESSIN  AG L1820;2214666;66;M;FG ;vivant;0,000;0,000;170,030;0,00;0,00;660,19;0,00;0,00;170,03;660,19
661A;332013202;FT- STRITON  DESSIN  AG L1820;2256475;66;M;FG ;vivant;274,660;0,000;0,000;1 066,44;0,00;0,00;274,66;1 066,44;0,00;0,00
661A;332013202;FT- STRITON  DESSIN  AG L1820;2314981;66;M;FG ;vivant;0,000;0,000;708,790;0,00;0,00;2 752,07;0,00;0,00;708,79;2 752,07
661A;332013202;FT- STRITON  DESSIN  AG L1820;2320722;66;M;FG ;vivant;0,000;0,000;296,170;0,00;0,00;1 149,96;0,00;0,00;296,17;1 149,96
661A;332013202;FT- STRITON  DESSIN  AG L1820;2324828;66;M;FG ;vivant;0,000;0,000;585,640;0,00;0,00;2 273,91;0,00;0,00;585,64;2 273,91
661A;332013207;FT- STRITON  DESSIN  AD L1820;2217117;66;M;FG;vivant;0,000;143,510;0,000;0,00;557,22;0,00;143,51;557,22;0,00;0,00
661A;332013207;FT- STRITON  DESSIN  AD L1820;2256510;66;M;FG;vivant;42,510;0,000;0,000;165,06;0,00;0,00;42,51;165,06;0,00;0,00
661A;332013207;FT- STRITON  DESSIN  AD L1820;2257106;66;M;FG;vivant;0,000;0,000;564,890;0,00;0,00;2 193,34;0,00;0,00;564,89;2 193,34
661A;332013207;FT- STRITON  DESSIN  AD L1820;2319354;66;M;FG;vivant;0,000;0,000;391,850;0,00;0,00;1 521,47;0,00;0,00;391,85;1 521,47
661A;332013207;FT- STRITON  DESSIN  AD L1820;2319926;66;M;FG;vivant;700,020;0,000;0,000;2 718,02;0,00;0,00;700,02;2 718,02;0,00;0,00
661A;332013207;FT- STRITON  DESSIN  AD L1820;2320698;66;M;FG;vivant;0,000;0,000;299,900;0,00;0,00;1 164,45;0,00;0,00;299,90;1 164,45
661A;332013207;FT- STRITON  DESSIN  AD L1820;2340107;66;M;FG;vivant;578,540;0,000;0,000;2 246,34;0,00;0,00;578,54;2 246,34;0,00;0,00
661A;332013221;FT- STRITON DESSIN  ARG L1620;2243877;66;M;FG;vivant;84,670;0,000;0,000;326,61;0,00;0,00;84,67;326,61;0,00;0,00
661A;332013221;FT- STRITON DESSIN  ARG L1620;2314525;66;M;FG;vivant;0,000;0,000;574,690;0,00;0,00;2 216,86;0,00;0,00;574,69;2 216,86
661A;332013221;FT- STRITON DESSIN  ARG L1620;2320723;66;M;FG;vivant;0,000;0,000;348,120;0,00;0,00;1 342,87;0,00;0,00;348,12;1 342,87
661A;332013221;FT- STRITON DESSIN  ARG L1620;2321291;66;M;FG;vivant;0,000;0,000;711,810;0,00;0,00;2 745,80;0,00;0,00;711,81;2 745,80
661A;332013221;FT- STRITON DESSIN  ARG L1620;2353495;66;M;FG;vivant;586,560;0,000;0,000;2 262,65;0,00;0,00;586,56;2 262,65;0,00;0,00
661A;332013226;FT- STRITON DESSIN  ARD L1620;2256101;66;M;FG;vivant;0,000;0,000;488,340;0,00;0,00;1 883,77;0,00;0,00;488,34;1 883,77
661A;332013226;FT- STRITON DESSIN  ARD L1620;2285702;66;M;FG;vivant;0,000;0,000;575,370;0,00;0,00;2 219,49;0,00;0,00;575,37;2 219,49
661A;332013226;FT- STRITON DESSIN  ARD L1620;2320699;66;M;FG;vivant;0,000;0,000;295,660;0,00;0,00;1 140,51;0,00;0,00;295,66;1 140,51
661A;332013226;FT- STRITON DESSIN  ARD L1620;2324151;66;M;FG;vivant;368,790;0,000;0,000;1 422,60;0,00;0,00;368,79;1 422,60;0,00;0,00
661A;332013226;FT- STRITON DESSIN  ARD L1620;2324361;66;M;FG;vivant;722,650;0,000;0,000;2 787,62;0,00;0,00;722,65;2 787,62;0,00;0,00
661A;332013226;FT- STRITON DESSIN  ARD L1620;2349243;66;M;FG;vivant;529,310;0,000;0,000;2 041,81;0,00;0,00;529,31;2 041,81;0,00;0,00
661A;332013226;FT- STRITON DESSIN  ARD L1620;2364052;66;M;FG;vivant;717,870;0,000;0,000;2 769,18;0,00;0,00;717,87;2 769,18;0,00;0,00
662A;332013240;TWY-PES FTF 1X175/48 TM NOIR 250TS FIFTY;1856761;66;KG;WIP ;vivant;701,000;0,000;0,000;932,23;0,00;0,00;701,00;932,23;0,00;0,00
662A;332013240;TWY-PES FTF 1X175/48 TM NOIR 250TS FIFTY;1881686;66;KG;WIP ;vivant;580,000;0,000;0,000;771,31;0,00;0,00;580,00;771,31;0,00;0,00
661A;332013264;LAM-Karoso-Verlauf soul-grau-1810 MM-4MM;2335187;66;M;FG ;vivant;0,000;0,000;30,800;0,00;0,00;209,48;0,00;0,00;30,80;209,48
661A;332013264;LAM-Karoso-Verlauf soul-grau-1810 MM-4MM;2364258;66;M;FG ;vivant;38,450;0,000;0,000;261,52;0,00;0,00;38,45;261,52;0,00;0,00
661A;332013264;LAM-Karoso-Verlauf soul-grau-1810 MM-4MM;2383120;66;M;FG ;vivant;0,000;0,000;24,740;0,00;0,00;168,27;0,00;0,00;24,74;168,27
661A;332013264;LAM-Karoso-Verlauf soul-grau-1810 MM-4MM;2394232;66;M;FG ;vivant;482,450;0,000;0,000;3 281,35;0,00;0,00;482,45;3 281,35;0,00;0,00
662A;332013301;TWY-PES FTF 3X167 TMR SLG 150TS ANT-TTG;1832080;66;KG;RM;vivant;1 072,700;0,000;0,000;4 961,11;0,00;0,00;1 072,70;4 961,11;0,00;0,00
662A;332013301;TWY-PES FTF 3X167 TMR SLG 150TS ANT-TTG;1843445;66;KG;RM;vivant;324,000;0,000;0,000;1 498,46;0,00;0,00;324,00;1 498,46;0,00;0,00
662A;332013301;TWY-PES FTF 3X167 TMR SLG 150TS ANT-TTG;1853195;66;KG;RM;vivant;321,000;0,000;0,000;1 484,59;0,00;0,00;321,00;1 484,59;0,00;0,00
662A;332013301;TWY-PES FTF 3X167 TMR SLG 150TS ANT-TTG;1877956;66;KG;RM;vivant;274,000;0,000;0,000;1 267,22;0,00;0,00;274,00;1 267,22;0,00;0,00
661A;332013306;LAM-IONATREPS2-2Mini Tableto 1900MM-10MM;2303117;66;M;FG;vivant;0,000;0,000;0,000;0,00;0,00;0,00;0,00;0,00;0,00;0,00
661A;332013306;LAM-IONATREPS2-2Mini Tableto 1900MM-10MM;2306204;66;M;FG;vivant;0,090;0,000;0,000;0,54;0,00;0,00;0,09;0,54;0,00;0,00
661A;332013306;LAM-IONATREPS2-2Mini Tableto 1900MM-10MM;2378053;66;M;FG;vivant;180,300;0,000;0,000;1 075,82;0,00;0,00;180,30;1 075,82;0,00;0,00
661A;332013306;LAM-IONATREPS2-2Mini Tableto 1900MM-10MM;2394839;66;M;FG;vivant;0,000;0,000;45,210;0,00;0,00;269,76;0,00;0,00;45,21;269,76
661A;332013306;LAM-IONATREPS2-2Mini Tableto 1900MM-10MM;2401486;66;M;FG;vivant;0,000;76,820;0,000;0,00;458,37;0,00;76,82;458,37;0,00;0,00
661A;332013306;LAM-IONATREPS2-2Mini Tableto 1900MM-10MM;2402528;66;M;FG;vivant;0,000;759,870;0,000;0,00;4 534,02;0,00;759,87;4 534,02;0,00;0,00
661D;332013443;WA-GASTON 2X177 P200 FIFTY NOIR C1;;66;M;WIP;vivant;49,488;0,000;0,000;63,60;0,00;0,00;49,49;63,60;0,00;0,00
661A;332013467;FT-CURITIBA TINY LIGHT GREY G627-1211;331233;66;M;FG;vivant;590,360;0,000;0,000;3 760,59;0,00;0,00;590,36;3 760,59;0,00;0,00
661A;332013467;FT-CURITIBA TINY LIGHT GREY G627-1211;333638;66;M;FG;vivant;636,480;0,000;0,000;4 054,38;0,00;0,00;636,48;4 054,38;0,00;0,00
661A;332013467;FT-CURITIBA TINY LIGHT GREY G627-1211;333641;66;M;FG;vivant;542,370;0,000;0,000;3 454,90;0,00;0,00;542,37;3 454,90;0,00;0,00
661A;332013467;FT-CURITIBA TINY LIGHT GREY G627-1211;337374;66;M;FG;vivant;609,150;0,000;0,000;3 880,29;0,00;0,00;609,15;3 880,29;0,00;0,00
661A;332013486;LAM CURITIBA .TYN G627 STD 1900MM 2MM;2330898;66;M;FG;vivant;1,170;0,000;0,000;9,74;0,00;0,00;1,17;9,74;0,00;0,00
661A;332013486;LAM CURITIBA .TYN G627 STD 1900MM 2MM;2363839;66;M;FG;vivant;0,000;0,000;151,080;0,00;0,00;1 258,27;0,00;0,00;151,08;1 258,27
661A;332013486;LAM CURITIBA .TYN G627 STD 1900MM 2MM;2394948;66;M;FG;vivant;206,680;0,000;0,000;1 721,33;0,00;0,00;206,68;1 721,33;0,00;0,00
661A;332013504;MS AE28BF GT 1950*15,5MM TG;2618084020;66;M;RM;vivant;58,000;0,000;0,000;0,00;0,00;0,00;58,00;0,00;0,00;0,00
661A;332013504;MS AE28BF GT 1950*15,5MM TG;2618084021;66;M;RM;vivant;58,000;0,000;0,000;0,00;0,00;0,00;58,00;0,00;0,00;0,00
661A;332013504;MS AE28BF GT 1950*15,5MM TG;2618084022;66;M;RM;vivant;58,000;0,000;0,000;0,00;0,00;0,00;58,00;0,00;0,00;0,00
661A;332013504;MS AE28BF GT 1950*15,5MM TG;2618084023;66;M;RM;vivant;58,000;0,000;0,000;0,00;0,00;0,00;58,00;0,00;0,00;0,00
661A;332013504;MS AE28BF GT 1950*15,5MM TG;2618084024;66;M;RM;vivant;58,000;0,000;0,000;0,00;0,00;0,00;58,00;0,00;0,00;0,00
661A;332013504;MS AE28BF GT 1950*15,5MM TG;2618084025;66;M;RM;vivant;58,000;0,000;0,000;0,00;0,00;0,00;58,00;0,00;0,00;0,00
661A;332013504;MS AE28BF GT 1950*15,5MM TG;2618084026;66;M;RM;vivant;58,000;0,000;0,000;0,00;0,00;0,00;58,00;0,00;0,00;0,00
661A;332013504;MS AE28BF GT 1950*15,5MM TG;2618084027;66;M;RM;vivant;58,000;0,000;0,000;0,00;0,00;0,00;58,00;0,00;0,00;0,00
661A;332013504;MS AE28BF GT 1950*15,5MM TG;2618084028;66;M;RM;vivant;58,000;0,000;0,000;0,00;0,00;0,00;58,00;0,00;0,00;0,00
661A;332013504;MS AE28BF GT 1950*15,5MM TG;2620082007;66;M;RM;vivant;58,000;0,000;0,000;0,00;0,00;0,00;58,00;0,00;0,00;0,00
661A;332013504;MS AE28BF GT 1950*15,5MM TG;2620082008;66;M;RM;vivant;58,000;0,000;0,000;0,00;0,00;0,00;58,00;0,00;0,00;0,00
661A;332013504;MS AE28BF GT 1950*15,5MM TG;2620082009;66;M;RM;vivant;58,000;0,000;0,000;0,00;0,00;0,00;58,00;0,00;0,00;0,00
661A;332013504;MS AE28BF GT 1950*15,5MM TG;2620082010;66;M;RM;vivant;58,000;0,000;0,000;0,00;0,00;0,00;58,00;0,00;0,00;0,00
661A;332013504;MS AE28BF GT 1950*15,5MM TG;2620082011;66;M;RM;vivant;58,000;0,000;0,000;0,00;0,00;0,00;58,00;0,00;0,00;0,00
661A;332013504;MS AE28BF GT 1950*15,5MM TG;2620082012;66;M;RM;vivant;58,000;0,000;0,000;0,00;0,00;0,00;58,00;0,00;0,00;0,00
661A;332013504;MS AE28BF GT 1950*15,5MM TG;2620082013;66;M;RM;vivant;58,000;0,000;0,000;0,00;0,00;0,00;58,00;0,00;0,00;0,00
661A;332013504;MS AE28BF GT 1950*15,5MM TG;2620082014;66;M;RM;vivant;58,000;0,000;0,000;0,00;0,00;0,00;58,00;0,00;0,00;0,00
661A;332013504;MS AE28BF GT 1950*15,5MM TG;2620082015;66;M;RM;vivant;58,000;0,000;0,000;0,00;0,00;0,00;58,00;0,00;0,00;0,00
661A;332013504;MS AE28BF GT 1950*15,5MM TG;2620082016;66;M;RM;vivant;58,000;0,000;0,000;0,00;0,00;0,00;58,00;0,00;0,00;0,00
661A;332013504;MS AE28BF GT 1950*15,5MM TG;2620082017;66;M;RM;vivant;58,000;0,000;0,000;0,00;0,00;0,00;58,00;0,00;0,00;0,00
661A;332013504;MS AE28BF GT 1950*15,5MM TG;2620082018;66;M;RM;vivant;58,000;0,000;0,000;0,00;0,00;0,00;58,00;0,00;0,00;0,00
661A;332013504;MS AE28BF GT 1950*15,5MM TG;2620082019;66;M;RM;vivant;58,000;0,000;0,000;0,00;0,00;0,00;58,00;0,00;0,00;0,00
661A;332013504;MS AE28BF GT 1950*15,5MM TG;2620082020;66;M;RM;vivant;58,000;0,000;0,000;0,00;0,00;0,00;58,00;0,00;0,00;0,00
661A;332013504;MS AE28BF GT 1950*15,5MM TG;2620082021;66;M;RM;vivant;58,000;0,000;0,000;0,00;0,00;0,00;58,00;0,00;0,00;0,00
661A;332013504;MS AE28BF GT 1950*15,5MM TG;2620082022;66;M;RM;vivant;58,000;0,000;0,000;0,00;0,00;0,00;58,00;0,00;0,00;0,00
661A;332013504;MS AE28BF GT 1950*15,5MM TG;2620082023;66;M;RM;vivant;58,000;0,000;0,000;0,00;0,00;0,00;58,00;0,00;0,00;0,00
661A;332013504;MS AE28BF GT 1950*15,5MM TG;2620082024;66;M;RM;vivant;58,000;0,000;0,000;0,00;0,00;0,00;58,00;0,00;0,00;0,00
661A;332013504;MS AE28BF GT 1950*15,5MM TG;2620082025;66;M;RM;vivant;58,000;0,000;0,000;0,00;0,00;0,00;58,00;0,00;0,00;0,00
661A;332013504;MS AE28BF GT 1950*15,5MM TG;2620082026;66;M;RM;vivant;58,000;0,000;0,000;0,00;0,00;0,00;58,00;0,00;0,00;0,00
661A;332013504;MS AE28BF GT 1950*15,5MM TG;2620082027;66;M;RM;vivant;58,000;0,000;0,000;0,00;0,00;0,00;58,00;0,00;0,00;0,00
661A;332013504;MS AE28BF GT 1950*15,5MM TG;2620082028;66;M;RM;vivant;58,000;0,000;0,000;0,00;0,00;0,00;58,00;0,00;0,00;0,00
661A;332013504;MS AE28BF GT 1950*15,5MM TG;2620082029;66;M;RM;vivant;58,000;0,000;0,000;0,00;0,00;0,00;58,00;0,00;0,00;0,00
661A;332013504;MS AE28BF GT 1950*15,5MM TG;2620082030;66;M;RM;vivant;58,000;0,000;0,000;0,00;0,00;0,00;58,00;0,00;0,00;0,00
661A;332013504;MS AE28BF GT 1950*15,5MM TG;2620082032;66;M;RM;vivant;58,000;0,000;0,000;0,00;0,00;0,00;58,00;0,00;0,00;0,00
661A;332013504;MS AE28BF GT 1950*15,5MM TG;2620082034;66;M;RM;vivant;58,000;0,000;0,000;0,00;0,00;0,00;58,00;0,00;0,00;0,00
661A;332013504;MS AE28BF GT 1950*15,5MM TG;2620082035;66;M;RM;vivant;58,000;0,000;0,000;0,00;0,00;0,00;58,00;0,00;0,00;0,00
661A;332013504;MS AE28BF GT 1950*15,5MM TG;2620082036;66;M;RM;vivant;58,000;0,000;0,000;0,00;0,00;0,00;58,00;0,00;0,00;0,00
661A;332013504;MS AE28BF GT 1950*15,5MM TG;2620082037;66;M;RM;vivant;58,000;0,000;0,000;0,00;0,00;0,00;58,00;0,00;0,00;0,00
661E;332013528;MS AE28BF LD GT 2020*2,6TG;2423082012;66;M;RM;vivant;536,300;0,000;0,000;386,67;0,00;0,00;536,30;386,67;0,00;0,00
662A;332013528;MS AE28BF LD GT 2020*2,6TG;2448084013;66;M;RM;vivant;531,900;0,000;0,000;383,50;0,00;0,00;531,90;383,50;0,00;0,00
662A;332013528;MS AE28BF LD GT 2020*2,6TG;2448084014;66;M;RM;vivant;531,400;0,000;0,000;383,14;0,00;0,00;531,40;383,14;0,00;0,00
662A;332013528;MS AE28BF LD GT 2020*2,6TG;2448084015;66;M;RM;vivant;532,900;0,000;0,000;384,22;0,00;0,00;532,90;384,22;0,00;0,00
662A;332013528;MS AE28BF LD GT 2020*2,6TG;2448084016;66;M;RM;vivant;0,000;0,000;531,900;0,00;0,00;383,50;0,00;0,00;531,90;383,50
662A;332013528;MS AE28BF LD GT 2020*2,6TG;2448084017;66;M;RM;vivant;0,000;0,000;532,000;0,00;0,00;383,57;0,00;0,00;532,00;383,57
662A;332013528;MS AE28BF LD GT 2020*2,6TG;2448084018;66;M;RM;vivant;523,700;0,000;0,000;377,59;0,00;0,00;523,70;377,59;0,00;0,00
661A;332013542;MS EL38VW ANT 1960*5,7 TG;2448071012;66;M;RM;Vivant;239,700;0,000;0,000;0,00;0,00;0,00;239,70;0,00;0,00;0,00
662A;332013608;YAR-PES FTF 3X167/34 TM NOIR 350 TES SPA;578700AN;66;KG;RM;vivant;190,000;0,000;0,000;1 620,70;0,00;0,00;190,00;1 620,70;0,00;0,00
662A;332013622;YAR-PES FTF 3X167/48 TM SD HRD Y7 TES SP;270993;66;KG;RM;vivant;774,000;0,000;0,000;5 092,92;0,00;0,00;774,00;5 092,92;0,00;0,00
661A;332013702;PLUS PAD 15MM 1900 MM;2286081;66;M;FG;vivant;8,000;0,000;0,000;41,70;0,00;0,00;8,00;41,70;0,00;0,00
661A;332013702;PLUS PAD 15MM 1900 MM;2346461;66;M;FG;vivant;1,430;0,000;0,000;7,45;0,00;0,00;1,43;7,45;0,00;0,00
661A;332013702;PLUS PAD 15MM 1900 MM;2399687;66;M;FG;vivant;0,000;0,000;60,450;0,00;0,00;315,08;0,00;0,00;60,45;315,08
661A;332013702;PLUS PAD 15MM 1900 MM;2400318;66;M;FG;vivant;325,990;0,000;0,000;1 699,13;0,00;0,00;325,99;1 699,13;0,00;0,00
661A;332013702;PLUS PAD 15MM 1900 MM;2401051;66;M;FG;vivant;323,820;0,000;0,000;1 687,82;0,00;0,00;323,82;1 687,82;0,00;0,00
661A;332013726;FT-FAUN 12 GATM CHIN HJB 295 GR172CM VRA;2293317;66;M;FG;vivant;0,000;0,000;500,850;0,00;0,00;1 132,36;0,00;0,00;500,85;1 132,36
661A;332013726;FT-FAUN 12 GATM CHIN HJB 295 GR172CM VRA;2392473;66;M;FG;vivant;0,000;1 333,560;0,000;0,00;3 015,01;0,00;1 333,56;3 015,01;0,00;0,00
661A;332013740;WA-PULSE 1X250TMR pissaP220X60 ANTEXC;2383777;66;M;WIP;vivant;850,000;0,000;0,000;1 374,41;0,00;0,00;850,00;1 374,41;0,00;0,00
661A;332013740;WA-PULSE 1X250TMR pissaP220X60 ANTEXC;2394491;66;M;WIP;vivant;3 350,000;0,000;0,000;5 416,79;0,00;0,00;3 350,00;5 416,79;0,00;0,00
661A;332013745;WT-TUN PULSE UNI 3007 P220 JAJET;240029593A;66;M;WIP;vivant;1 000,000;0,000;0,000;4 254,22;0,00;0,00;1 000,00;4 254,22;0,00;0,00
661E;332013745;WT-TUN PULSE UNI 3007 P220 JAJET;236226693A;66;M;WIP;vivant;550,000;0,000;0,000;2 339,82;0,00;0,00;550,00;2 339,82;0,00;0,00
661A;332013764;WT-TUN PULSE DEGRADE 3009 P220 JAJET;229387093E;66;M;WIP;vivant;500,000;0,000;0,000;2 127,11;0,00;0,00;500,00;2 127,11;0,00;0,00
661E;332013764;WT-TUN PULSE DEGRADE 3009 P220 JAJET;229387093E;66;M;WIP;vivant;500,000;0,000;0,000;2 127,11;0,00;0,00;500,00;2 127,11;0,00;0,00
661A;332013769;FT- PULSE UNI 3007   332 GR 1920 CM;2400344;66;M;FG;vivant;0,000;0,000;224,120;0,00;0,00;1 293,97;0,00;0,00;224,12;1 293,97
661A;332013769;FT- PULSE UNI 3007   332 GR 1920 CM;2400481;66;M;FG;vivant;0,000;0,000;459,080;0,00;0,00;2 650,52;0,00;0,00;459,08;2 650,52
661A;332013769;FT- PULSE UNI 3007   332 GR 1920 CM;2401801;66;M;FG;vivant;0,000;429,490;0,000;0,00;2 479,68;0,00;429,49;2 479,68;0,00;0,00
661A;332013788;LAM-PULSE UNI 1900MM 3MM;2399640;66;M;FG;vivant;35,880;0,000;0,000;295,94;0,00;0,00;35,88;295,94;0,00;0,00
661A;332013801;LAM-PULSE DEGRADE 1900MM 4MM;2318257;66;M;FG;vivant;0,000;0,000;12,360;0,00;0,00;109,13;0,00;0,00;12,36;109,13
;332013820;YAR-PES FTF3X150D/48TM NOIR APF RECYCLE;4P1538/4;66;KG;RM;vivant;28,400;0,000;0,000;66,68;0,00;0,00;28,40;66,68;0,00;0,00
661A;332013820;YAR-PES FTF3X150D/48TM NOIR APF RECYCLE;4P1538/7;66;KG;RM;vivant;10 173,650;0,000;0,000;23 885,90;0,00;0,00;10 173,65;23 885,90;0,00;0,00
661D;332013820;YAR-PES FTF3X150D/48TM NOIR APF RECYCLE;4P1538/5;66;KG;RM;vivant;245,000;0,000;0,000;575,22;0,00;0,00;245,00;575,22;0,00;0,00
662A;332013820;YAR-PES FTF3X150D/48TM NOIR APF RECYCLE;4P1538/5;66;KG;RM;vivant;3 341,450;0,000;0,000;7 845,12;0,00;0,00;3 341,45;7 845,12;0,00;0,00
662A;332013820;YAR-PES FTF3X150D/48TM NOIR APF RECYCLE;4P1538/7;66;KG;RM;vivant;2 346,260;0,000;0,000;5 508,60;0,00;0,00;2 346,26;5 508,60;0,00;0,00
662A;332013820;YAR-PES FTF3X150D/48TM NOIR APF RECYCLE;4S1939/3;66;KG;RM;vivant;12,000;0,000;0,000;28,17;0,00;0,00;12,00;28,17;0,00;0,00
661A;332013825;WT-TUN RIMINI MISTRAL P225 D 22 -RECYCLE;239556672B;66;M;WIP;vivant;300,000;0,000;0,000;554,16;0,00;0,00;300,00;554,16;0,00;0,00
661A;332013844;WA-RIMINI 3X150 TM NOIR P225 APF-RECYCLE;2395562;66;M;WIP ;Vivant ;3 970,000;0,000;0,000;2 198,90;0,00;0,00;3 970,00;2 198,90;0,00;0,00
661A;332013849;FT-RIMINI MISTRAL L195 - RECYCLE;2394469;66;M;FG ;vivant;1 787,630;0,000;0,000;4 439,85;0,00;0,00;1 787,63;4 439,85;0,00;0,00
661A;332013849;FT-RIMINI MISTRAL L195 - RECYCLE;2396886;66;M;FG ;vivant;1 530,170;0,000;0,000;3 800,41;0,00;0,00;1 530,17;3 800,41;0,00;0,00
661A;332013849;FT-RIMINI MISTRAL L195 - RECYCLE;2400298;66;M;FG ;vivant;1 772,140;0,000;0,000;4 401,38;0,00;0,00;1 772,14;4 401,38;0,00;0,00
662A;332013868;MS AE28BF LD GT 1960*2,7 TG;2315066012;66;M;RM;vivant;0,000;0,000;416,000;0,00;0,00;0,00;0,00;0,00;416,00;0,00
662A;332013887;TWY-PES FTF2X170 TM 1ECR/1BISON Poly SAF;R6349;66;KG;WIP;vivant;619,800;0,000;0,000;2 876,96;0,00;0,00;619,80;2 876,96;0,00;0,00
662A;332013924;TWY-PES FTF 2X168 FER ECR 100T S NOY TTG;1821976;66;KG;WIP;vivant;125,000;0,000;0,000;611,83;0,00;0,00;125,00;611,83;0,00;0,00
662A;332013924;TWY-PES FTF 2X168 FER ECR 100T S NOY TTG;1982379;66;KG;WIP;vivant;492,000;0,000;0,000;2 408,18;0,00;0,00;492,00;2 408,18;0,00;0,00
662A;332013943;TWY-PES FTF 2X170 FER ECR 350T S NOY;30640;66;KG;WIP;vivant;718,000;0,000;0,000;3 953,35;0,00;0,00;718,00;3 953,35;0,00;0,00
661A;332013948;TWY-PES FTF 2X170 FER ECR 350T S NOY TTG;2081063;66;KG;RM;vivant;87,000;0,000;0,000;484,41;0,00;0,00;87,00;484,41;0,00;0,00
661A;332013948;TWY-PES FTF 2X170 FER ECR 350T S NOY TTG;2173714;66;KG;RM;vivant;135,000;0,000;0,000;751,67;0,00;0,00;135,00;751,67;0,00;0,00
661A;332013948;TWY-PES FTF 2X170 FER ECR 350T S NOY TTG;2202225;66;KG;RM;vivant;15,000;0,000;0,000;83,52;0,00;0,00;15,00;83,52;0,00;0,00
662A;332013948;TWY-PES FTF 2X170 FER ECR 350T S NOY TTG;1878918;66;KG;RM;vivant;25,000;0,000;0,000;139,20;0,00;0,00;25,00;139,20;0,00;0,00
662A;332013948;TWY-PES FTF 2X170 FER ECR 350T S NOY TTG;1930653;66;KG;RM;vivant;110,000;0,000;0,000;612,47;0,00;0,00;110,00;612,47;0,00;0,00
662A;332013948;TWY-PES FTF 2X170 FER ECR 350T S NOY TTG;1938867;66;KG;RM;vivant;30,000;0,000;0,000;167,04;0,00;0,00;30,00;167,04;0,00;0,00
662A;332013948;TWY-PES FTF 2X170 FER ECR 350T S NOY TTG;1966129;66;KG;RM;vivant;35,000;0,000;0,000;194,88;0,00;0,00;35,00;194,88;0,00;0,00
662A;332013948;TWY-PES FTF 2X170 FER ECR 350T S NOY TTG;2046175;66;KG;RM;vivant;15,000;0,000;0,000;83,52;0,00;0,00;15,00;83,52;0,00;0,00
662A;332013948;TWY-PES FTF 2X170 FER ECR 350T S NOY TTG;2077303;66;KG;RM;vivant;34,000;0,000;0,000;189,31;0,00;0,00;34,00;189,31;0,00;0,00
662A;332013948;TWY-PES FTF 2X170 FER ECR 350T S NOY TTG;2095390;66;KG;RM;vivant;70,000;0,000;0,000;389,76;0,00;0,00;70,00;389,76;0,00;0,00
662A;332013948;TWY-PES FTF 2X170 FER ECR 350T S NOY TTG;2131815;66;KG;RM;vivant;55,000;0,000;0,000;306,24;0,00;0,00;55,00;306,24;0,00;0,00
662A;332013948;TWY-PES FTF 2X170 FER ECR 350T S NOY TTG;2152118;66;KG;RM;vivant;30,000;0,000;0,000;167,04;0,00;0,00;30,00;167,04;0,00;0,00
662A;332013948;TWY-PES FTF 2X170 FER ECR 350T S NOY TTG;2162496;66;KG;RM;vivant;40,000;0,000;0,000;222,72;0,00;0,00;40,00;222,72;0,00;0,00
662A;332013948;TWY-PES FTF 2X170 FER ECR 350T S NOY TTG;2209607;66;KG;RM;vivant;70,000;0,000;0,000;389,76;0,00;0,00;70,00;389,76;0,00;0,00
;332013986;YAR-PES FTF 2X168/48 FE ECRU FIFTY;SB53083;66;KG;RM;vivant;1,000;0,000;0,000;1,46;0,00;0,00;1,00;1,46;0,00;0,00
661A;332013986;YAR-PES FTF 2X168/48 FE ECRU FIFTY;SB53083;66;KG;RM;vivant;3 600,000;0,000;200,000;5 256,00;0,00;292,00;3 600,00;5 256,00;200,00;292,00
661D;332013986;YAR-PES FTF 2X168/48 FE ECRU FIFTY;SB53083;66;KG;RM;vivant;611,000;0,000;0,000;892,06;0,00;0,00;611,00;892,06;0,00;0,00
662A;332013986;YAR-PES FTF 2X168/48 FE ECRU FIFTY;SB53083;66;KG;RM;vivant;36,000;0,000;0,000;52,56;0,00;0,00;36,00;52,56;0,00;0,00
662A;332014117;TWS-PES FTF 500/100 -1ROUN SEMI 180 1996;339134;66;KG;RM;vivant;341,210;0,000;0,000;1 702,64;0,00;0,00;341,21;1 702,64;0,00;0,00
661A;332014155;YAR-PES FTF 3X167D/36 TM QS717INDORA1941;127431;66;KG;RM;vivant;276,500;0,000;0,000;1 548,40;0,00;0,00;276,50;1 548,40;0,00;0,00
662A;332014155;YAR-PES FTF 3X167D/36 TM QS717INDORA1941;127431;66;KG;RM;vivant;278,900;0,000;0,000;1 561,84;0,00;0,00;278,90;1 561,84;0,00;0,00
661A;332014174;YAR-PES FTF 3X167D/36 TM QS716INDORA1931;127665;66;KG;RM;vivant;281,800;0,000;0,000;1 535,81;0,00;0,00;281,80;1 535,81;0,00;0,00
662A;332014174;YAR-PES FTF 3X167D/36 TM QS716INDORA1931;127408;66;KG;RM;vivant;280,000;0,000;0,000;1 526,00;0,00;0,00;280,00;1 526,00;0,00;0,00
661A;332014179;YAR-PES FTF 3X167D/36 TM QS715INDORA1921;127630;66;KG;RM;vivant;253,000;0,000;0,000;1 396,56;0,00;0,00;253,00;1 396,56;0,00;0,00
662A;332014179;YAR-PES FTF 3X167D/36 TM QS715INDORA1921;127042;66;KG;RM;vivant;18,000;0,000;0,000;99,36;0,00;0,00;18,00;99,36;0,00;0,00
661A;332014193;YAR-PES FTF 3X167D/36 TM QS718INDORA1951;127631;66;KG;RM;vivant;550,500;0,000;0,000;2 972,70;0,00;0,00;550,50;2 972,70;0,00;0,00
661D;332014193;YAR-PES FTF 3X167D/36 TM QS718INDORA1951;127631;66;KG;RM;vivant;274,400;0,000;0,000;1 481,76;0,00;0,00;274,40;1 481,76;0,00;0,00
661A;332014211;WT-TUN KAROSO VERLAUF P195 JACQ;229792092A;66;M;WIP;vivant;1 048,000;0,000;0,000;3 677,20;0,00;0,00;1 048,00;3 677,20;0,00;0,00
661A;332014211;WT-TUN KAROSO VERLAUF P195 JACQ;229979092A;66;M;WIP;vivant;500,000;0,000;0,000;1 754,39;0,00;0,00;500,00;1 754,39;0,00;0,00
661A;332014211;WT-TUN KAROSO VERLAUF P195 JACQ;230351392A;66;M;WIP;vivant;164,000;0,000;0,000;575,44;0,00;0,00;164,00;575,44;0,00;0,00
661A;332014211;WT-TUN KAROSO VERLAUF P195 JACQ;233871992A;66;M;WIP;vivant;500,000;0,000;0,000;1 754,39;0,00;0,00;500,00;1 754,39;0,00;0,00
661A;332014211;WT-TUN KAROSO VERLAUF P195 JACQ;236069892B;66;M;WIP;vivant;435,000;0,000;0,000;1 526,32;0,00;0,00;435,00;1 526,32;0,00;0,00
661A;332014211;WT-TUN KAROSO VERLAUF P195 JACQ;236615492B;66;M;WIP;vivant;344,000;0,000;0,000;1 207,02;0,00;0,00;344,00;1 207,02;0,00;0,00
661A;332014211;WT-TUN KAROSO VERLAUF P195 JACQ;237183192B;66;M;WIP;vivant;338,000;0,000;0,000;1 185,97;0,00;0,00;338,00;1 185,97;0,00;0,00
661A;332014211;WT-TUN KAROSO VERLAUF P195 JACQ;237977192B;66;M;WIP;vivant;203,000;0,000;0,000;712,28;0,00;0,00;203,00;712,28;0,00;0,00
661A;332014211;WT-TUN KAROSO VERLAUF P195 JACQ;238307492B;66;M;WIP;vivant;500,000;0,000;0,000;1 754,39;0,00;0,00;500,00;1 754,39;0,00;0,00
661A;332014211;WT-TUN KAROSO VERLAUF P195 JACQ;239055592B;66;M;WIP;vivant;375,000;0,000;0,000;1 315,79;0,00;0,00;375,00;1 315,79;0,00;0,00
661A;332014216;FT-KAROSO VERLAUF SOUL GRAW 318GR 181CM;2348499;66;M;FG;vivant;0,000;0,000;468,940;0,00;0,00;1 994,57;0,00;0,00;468,94;1 994,57
661A;332014216;FT-KAROSO VERLAUF SOUL GRAW 318GR 181CM;2348911;66;M;FG;vivant;0,000;0,000;470,500;0,00;0,00;2 001,21;0,00;0,00;470,50;2 001,21
661A;332014216;FT-KAROSO VERLAUF SOUL GRAW 318GR 181CM;2354988;66;M;FG;vivant;0,000;0,000;574,960;0,00;0,00;2 445,51;0,00;0,00;574,96;2 445,51
661A;332014216;FT-KAROSO VERLAUF SOUL GRAW 318GR 181CM;2367126;66;M;FG;vivant;0,000;0,000;454,330;0,00;0,00;1 932,43;0,00;0,00;454,33;1 932,43
661A;332014216;FT-KAROSO VERLAUF SOUL GRAW 318GR 181CM;2369917;66;M;FG;vivant;0,000;0,000;457,180;0,00;0,00;1 944,55;0,00;0,00;457,18;1 944,55
661A;332014216;FT-KAROSO VERLAUF SOUL GRAW 318GR 181CM;2382585;66;M;FG;vivant;0,000;1 007,840;0,000;0,00;4 286,71;0,00;1 007,84;4 286,71;0,00;0,00
661A;332014216;FT-KAROSO VERLAUF SOUL GRAW 318GR 181CM;2382730;66;M;FG;vivant;454,180;0,000;0,000;1 931,79;0,00;0,00;454,18;1 931,79;0,00;0,00
661A;332014216;FT-KAROSO VERLAUF SOUL GRAW 318GR 181CM;2383766;66;M;FG;vivant;445,210;0,000;0,000;1 893,64;0,00;0,00;445,21;1 893,64;0,00;0,00
661A;332014216;FT-KAROSO VERLAUF SOUL GRAW 318GR 181CM;2388501;66;M;FG;vivant;457,290;0,000;0,000;1 945,02;0,00;0,00;457,29;1 945,02;0,00;0,00
661A;332014216;FT-KAROSO VERLAUF SOUL GRAW 318GR 181CM;2395092;66;M;FG;vivant;452,240;0,000;0,000;1 923,54;0,00;0,00;452,24;1 923,54;0,00;0,00
661A;332014216;FT-KAROSO VERLAUF SOUL GRAW 318GR 181CM;2395093;66;M;FG;vivant;456,670;0,000;0,000;1 942,38;0,00;0,00;456,67;1 942,38;0,00;0,00
661A;332014216;FT-KAROSO VERLAUF SOUL GRAW 318GR 181CM;2395471;66;M;FG;vivant;450,960;0,000;0,000;1 918,09;0,00;0,00;450,96;1 918,09;0,00;0,00
661A;332014216;FT-KAROSO VERLAUF SOUL GRAW 318GR 181CM;2395529;66;M;FG;vivant;456,520;0,000;0,000;1 941,74;0,00;0,00;456,52;1 941,74;0,00;0,00
661A;332014216;FT-KAROSO VERLAUF SOUL GRAW 318GR 181CM;2395556;66;M;FG;vivant;454,980;0,000;0,000;1 935,19;0,00;0,00;454,98;1 935,19;0,00;0,00
661A;332014216;FT-KAROSO VERLAUF SOUL GRAW 318GR 181CM;2395557;66;M;FG;vivant;315,330;0,000;0,000;1 341,21;0,00;0,00;315,33;1 341,21;0,00;0,00
661A;332014216;FT-KAROSO VERLAUF SOUL GRAW 318GR 181CM;2396733;66;M;FG;vivant;0,000;458,520;0,000;0,00;1 950,25;0,00;458,52;1 950,25;0,00;0,00
661A;332014216;FT-KAROSO VERLAUF SOUL GRAW 318GR 181CM;2396734;66;M;FG;vivant;0,000;115,080;0,000;0,00;489,48;0,00;115,08;489,48;0,00;0,00
661A;332014216;FT-KAROSO VERLAUF SOUL GRAW 318GR 181CM;2400590;66;M;FG;vivant;0,000;449,020;0,000;0,00;1 909,84;0,00;449,02;1 909,84;0,00;0,00
661A;332014216;FT-KAROSO VERLAUF SOUL GRAW 318GR 181CM;2400591;66;M;FG;vivant;0,000;410,780;0,000;0,00;1 747,19;0,00;410,78;1 747,19;0,00;0,00
661A;332014216;FT-KAROSO VERLAUF SOUL GRAW 318GR 181CM;2401096;66;M;FG;vivant;0,000;342,570;0,000;0,00;1 457,07;0,00;342,57;1 457,07;0,00;0,00
661E;332014216;FT-KAROSO VERLAUF SOUL GRAW 318GR 181CM;2325251;66;M;FG;vivant;0,000;0,000;92,060;0,00;0,00;391,56;0,00;0,00;92,06;391,56
661E;332014216;FT-KAROSO VERLAUF SOUL GRAW 318GR 181CM;2377806;66;M;FG;vivant;130,220;0,000;0,000;553,87;0,00;0,00;130,22;553,87;0,00;0,00
661A;332014278;TWY-PES FTF1X320 TMR CHINE FON 100TS TTG;2303349;66;KG;WIP;vivant;145,000;0,000;0,000;634,15;0,00;0,00;145,00;634,15;0,00;0,00
661A;332014278;TWY-PES FTF1X320 TMR CHINE FON 100TS TTG;2323016;66;KG;WIP;vivant;140,000;0,000;0,000;612,29;0,00;0,00;140,00;612,29;0,00;0,00
661A;332014278;TWY-PES FTF1X320 TMR CHINE FON 100TS TTG;2341255;66;KG;WIP;vivant;55,000;0,000;0,000;240,54;0,00;0,00;55,00;240,54;0,00;0,00
661C;332014278;TWY-PES FTF1X320 TMR CHINE FON 100TS TTG;2332851;66;KG;WIP;vivant;30,000;0,000;0,000;131,20;0,00;0,00;30,00;131,20;0,00;0,00
661C;332014278;TWY-PES FTF1X320 TMR CHINE FON 100TS TTG;2368919;66;KG;WIP;vivant;63,000;0,000;0,000;275,53;0,00;0,00;63,00;275,53;0,00;0,00
661C;332014278;TWY-PES FTF1X320 TMR CHINE FON 100TS TTG;2372692;66;KG;WIP;vivant;120,000;0,000;0,000;524,82;0,00;0,00;120,00;524,82;0,00;0,00
661C;332014278;TWY-PES FTF1X320 TMR CHINE FON 100TS TTG;2383418;66;KG;WIP;vivant;19,000;0,000;0,000;83,10;0,00;0,00;19,00;83,10;0,00;0,00
661C;332014278;TWY-PES FTF1X320 TMR CHINE FON 100TS TTG;2395143;66;KG;WIP;vivant;42,162;0,000;0,000;184,39;0,00;0,00;42,16;184,39;0,00;0,00
662A;332014278;TWY-PES FTF1X320 TMR CHINE FON 100TS TTG;2231174;66;KG;WIP;vivant;60,000;0,000;0,000;262,41;0,00;0,00;60,00;262,41;0,00;0,00
662A;332014278;TWY-PES FTF1X320 TMR CHINE FON 100TS TTG;2312504;66;KG;WIP;vivant;140,000;0,000;0,000;612,29;0,00;0,00;140,00;612,29;0,00;0,00
662A;332014278;TWY-PES FTF1X320 TMR CHINE FON 100TS TTG;2320403;66;KG;WIP;vivant;212,000;0,000;0,000;927,18;0,00;0,00;212,00;927,18;0,00;0,00
662A;332014278;TWY-PES FTF1X320 TMR CHINE FON 100TS TTG;2340412;66;KG;WIP;vivant;100,000;0,000;0,000;437,35;0,00;0,00;100,00;437,35;0,00;0,00
;332014310;YAR-PES FTF 3X177/48 FE ECRU RECYCLE APF;4P1490;66;KG;RM;vivant;177,800;0,000;0,000;394,25;0,00;0,00;177,80;394,25;0,00;0,00
661C;332014310;YAR-PES FTF 3X177/48 FE ECRU RECYCLE APF;4P1490/5;66;KG;RM;vivant;980,000;0,000;0,000;2 173,04;0,00;0,00;980,00;2 173,04;0,00;0,00
662A;332014310;YAR-PES FTF 3X177/48 FE ECRU RECYCLE APF;4P1490;66;KG;RM;vivant;776,000;0,000;0,000;1 720,70;0,00;0,00;776,00;1 720,70;0,00;0,00
662A;332014310;YAR-PES FTF 3X177/48 FE ECRU RECYCLE APF;4P1490/5;66;KG;RM;vivant;7 564,770;0,000;0,000;16 774,07;0,00;0,00;7 564,77;16 774,07;0,00;0,00
661A;332014315;WA-MELLOW 1 X 320 CHINE P231X26 HYS;2319573;66;M;WIP;vivant;3 517,000;0,000;0,000;3 671,05;0,00;0,00;3 517,00;3 671,05;0,00;0,00
661A;332014315;WA-MELLOW 1 X 320 CHINE P231X26 HYS;2394519;66;M;WIP;vivant;1 970,000;0,000;0,000;2 056,29;0,00;0,00;1 970,00;2 056,29;0,00;0,00
661A;332014315;WA-MELLOW 1 X 320 CHINE P231X26 HYS;2400031;66;M;WIP;vivant;3 000,000;0,000;0,000;3 131,40;0,00;0,00;3 000,00;3 131,40;0,00;0,00
661A;332014315;WA-MELLOW 1 X 320 CHINE P231X26 HYS;2400599;66;M;WIP;vivant;1 950,000;0,000;0,000;2 035,41;0,00;0,00;1 950,00;2 035,41;0,00;0,00
661D;332014315;WA-MELLOW 1 X 320 CHINE P231X26 HYS;2388174;66;M;WIP;vivant;224,000;0,000;0,000;233,81;0,00;0,00;224,00;233,81;0,00;0,00
661A;332014358;TWY-PES FTF 3X177  ECRU RECY 150TS-TTG;2225488;66;KG;WIP;vivant;291,000;0,000;0,000;834,45;0,00;0,00;291,00;834,45;0,00;0,00
661A;332014391;FT-CURITIBA UP BITON BLAN NEUTRE 275 192;2313966;66;M;FG;vivant;454,730;0,000;0,000;417,70;0,00;0,00;454,73;417,70;0,00;0,00
661A;332014419;LAM BRASILIA MISTRAL 1900MM 2MM;2053270;66;M;FG;vivant;62,830;0,000;0,000;232,38;0,00;0,00;62,83;232,38;0,00;0,00
662A;332014438;TWY-PES FTF3X167 AQUA MET REC 150TS ANTE;315470;66;KG;RM;vivant;22,000;0,000;0,000;143,66;0,00;0,00;22,00;143,66;0,00;0,00
662A;332014438;TWY-PES FTF3X167 AQUA MET REC 150TS ANTE;332800;66;KG;RM;vivant;113,000;0,000;0,000;737,89;0,00;0,00;113,00;737,89;0,00;0,00
662A;332014438;TWY-PES FTF3X167 AQUA MET REC 150TS ANTE;339958;66;KG;RM;vivant;1 010,080;0,000;0,000;6 595,81;0,00;0,00;1 010,08;6 595,81;0,00;0,00
662A;332014438;TWY-PES FTF3X167 AQUA MET REC 150TS ANTE;341230;66;KG;RM;vivant;2 410,740;0,000;0,000;15 742,11;0,00;0,00;2 410,74;15 742,11;0,00;0,00
661A;332014457;FT-CURIT UP BLEU TASMANI REC 275G-1920;2232411;66;M;FG;vivant;510,170;0,000;0,000;1 839,85;0,00;0,00;510,17;1 839,85;0,00;0,00
662A;332014490;TEP PU SATIN BOLERO HFC - Criollo;389107;66;M;RM;vivant;404,200;0,000;0,000;12 651,46;0,00;0,00;404,20;12 651,46;0,00;0,00
662A;332014518;TWY-PES FTF 2X170/48TM 1NO/1BI 100TS SAf;321317;66;KG;RM;vivant;1 702,000;0,000;0,000;10 431,83;0,00;0,00;1 702,00;10 431,83;0,00;0,00
661E;332014556;MS EL38VW 1860*2,7 TG;2430096001;66;M;RM;vivant;381,000;0,000;0,000;350,14;0,00;0,00;381,00;350,14;0,00;0,00
662A;332014556;MS EL38VW 1860*2,7 TG;2415057005;66;M;RM;vivant;0,000;0,000;473,000;0,00;0,00;434,69;0,00;0,00;473,00;434,69
662A;332014556;MS EL38VW 1860*2,7 TG;2430091002;66;M;RM;vivant;0,000;0,000;472,000;0,00;0,00;0,00;0,00;0,00;472,00;0,00
662A;332014556;MS EL38VW 1860*2,7 TG;2430091004;66;M;RM;vivant;459,000;0,000;0,000;0,00;0,00;0,00;459,00;0,00;0,00;0,00
662A;332014570;YAR-PES FTF 2X16748 FE ECRU Polyfil;R7183;66;KG;RM;vivant;1 574,700;0,000;0,000;4 172,96;0,00;0,00;1 574,70;4 172,96;0,00;0,00
661A;332014617;PAK-TUBE 150x155x2000;332014617;66;ST;RM;vivant;549,000;0,000;0,000;2 680,04;0,00;0,00;549,00;2 680,04;0,00;0,00
661A;332014631;LAM-CLIP SOUL 1MM VW216;2310259;66;M;FG;vivant;0,000;0,000;0,000;0,00;0,00;0,00;0,00;0,00;0,00;0,00
661A;332014631;LAM-CLIP SOUL 1MM VW216;2341027;66;M;FG;vivant;0,000;0,000;29,890;0,00;0,00;120,59;0,00;0,00;29,89;120,59
661A;332014631;LAM-CLIP SOUL 1MM VW216;2346207;66;M;FG;vivant;8,050;0,000;0,000;32,48;0,00;0,00;8,05;32,48;0,00;0,00
661A;332014631;LAM-CLIP SOUL 1MM VW216;2360155;66;M;FG;vivant;0,000;0,000;96,420;0,00;0,00;389,01;0,00;0,00;96,42;389,01
661A;332014631;LAM-CLIP SOUL 1MM VW216;2380836;66;M;FG;vivant;643,230;0,000;0,000;2 595,14;0,00;0,00;643,23;2 595,14;0,00;0,00
661A;332014650;TWY-PES FTF 2X170/48TM 1NO/1BI 100TS TTG;2118854;66;KG;WIP;vivant;15,000;0,000;0,000;82,77;0,00;0,00;15,00;82,77;0,00;0,00
661A;332014650;TWY-PES FTF 2X170/48TM 1NO/1BI 100TS TTG;2168469;66;KG;WIP;vivant;15,000;0,000;0,000;82,77;0,00;0,00;15,00;82,77;0,00;0,00
662A;332014650;TWY-PES FTF 2X170/48TM 1NO/1BI 100TS TTG;1896292;66;KG;WIP;vivant;206,112;0,000;0,000;1 137,28;0,00;0,00;206,11;1 137,28;0,00;0,00
662A;332014650;TWY-PES FTF 2X170/48TM 1NO/1BI 100TS TTG;2106395;66;KG;WIP;vivant;130,000;0,000;0,000;717,31;0,00;0,00;130,00;717,31;0,00;0,00
662A;332014650;TWY-PES FTF 2X170/48TM 1NO/1BI 100TS TTG;2118854;66;KG;WIP;vivant;246,000;0,000;0,000;1 357,37;0,00;0,00;246,00;1 357,37;0,00;0,00
662A;332014650;TWY-PES FTF 2X170/48TM 1NO/1BI 100TS TTG;2171808;66;KG;WIP;vivant;115,000;0,000;0,000;634,54;0,00;0,00;115,00;634,54;0,00;0,00
662A;332014650;TWY-PES FTF 2X170/48TM 1NO/1BI 100TS TTG;2180720;66;KG;WIP;vivant;50,000;0,000;0,000;275,89;0,00;0,00;50,00;275,89;0,00;0,00
662A;332014650;TWY-PES FTF 2X170/48TM 1NO/1BI 100TS TTG;2186503;66;KG;WIP;vivant;25,000;0,000;0,000;137,94;0,00;0,00;25,00;137,94;0,00;0,00
662A;332014650;TWY-PES FTF 2X170/48TM 1NO/1BI 100TS TTG;2188493;66;KG;WIP;vivant;50,000;0,000;0,000;275,89;0,00;0,00;50,00;275,89;0,00;0,00
662A;332014650;TWY-PES FTF 2X170/48TM 1NO/1BI 100TS TTG;2196039;66;KG;WIP;vivant;60,000;0,000;0,000;331,07;0,00;0,00;60,00;331,07;0,00;0,00
661A;332014716;TWY-PES FTF 3X177 FER ECRU 150T S NOY;2235211;66;KG;WIP;vivant;148,000;0,000;0,000;724,38;0,00;0,00;148,00;724,38;0,00;0,00
662A;332014716;TWY-PES FTF 3X177 FER ECRU 150T S NOY;2235211;66;KG;WIP;vivant;288,000;0,000;0,000;1 409,59;0,00;0,00;288,00;1 409,59;0,00;0,00
661C;332014759;TWY-PES FTF1X340/96 BIS/ECRU 100/SVAPTTG;2381116;66;KG;WIP;vivant;370,000;0,000;0,000;2 543,58;0,00;0,00;370,00;2 543,58;0,00;0,00
662A;332014759;TWY-PES FTF1X340/96 BIS/ECRU 100/SVAPTTG;2073196;66;KG;WIP;vivant;100,000;0,000;0,000;687,45;0,00;0,00;100,00;687,45;0,00;0,00
662A;332014759;TWY-PES FTF1X340/96 BIS/ECRU 100/SVAPTTG;2080827;66;KG;WIP;vivant;22,600;0,000;0,000;155,36;0,00;0,00;22,60;155,36;0,00;0,00
661A;332014810;LAM NATA G652 Tramontane HZE 1,6MM190CM;2330815;66;M;FG;vivant;1,000;0,000;0,000;4,68;0,00;0,00;1,00;4,68;0,00;0,00
661A;332014810;LAM NATA G652 Tramontane HZE 1,6MM190CM;2365061;66;M;FG;vivant;9,060;0,000;0,000;42,42;0,00;0,00;9,06;42,42;0,00;0,00
662A;332014834;TWY-PES FTF 2X168 FER ECR 100T S FIFTY;1924039;66;KG;WIP;vivant;152,500;0,000;0,000;301,98;0,00;0,00;152,50;301,98;0,00;0,00
661A;332014858;MS AE28BF GT 2040*2.0 TTG;2540084002;66;M;RM;Vivant;111,300;0,000;0,000;67,89;0,00;0,00;111,30;67,89;0,00;0,00
661A;332014858;MS AE28BF GT 2040*2.0 TTG;2609082018;66;M;RM;Vivant;658,000;0,000;0,000;0,00;0,00;0,00;658,00;0,00;0,00;0,00
661E;332014858;MS AE28BF GT 2040*2.0 TTG;2505088012;66;M;RM;Vivant;11,200;0,000;0,000;6,83;0,00;0,00;11,20;6,83;0,00;0,00
661E;332014858;MS AE28BF GT 2040*2.0 TTG;2546079003;66;M;RM;Vivant;309,600;0,000;0,000;188,86;0,00;0,00;309,60;188,86;0,00;0,00
661E;332014858;MS AE28BF GT 2040*2.0 TTG;2609082017;66;M;RM;Vivant;139,700;0,000;0,000;85,22;0,00;0,00;139,70;85,22;0,00;0,00
662A;332014858;MS AE28BF GT 2040*2.0 TTG;2609082019;66;M;RM;Vivant;658,400;0,000;0,000;0,00;0,00;0,00;658,40;0,00;0,00;0,00
661A;332014872;LAM - PALMA Hyperblack D38 L1920 MM;2224595;66;M;FG;vivant;109,800;0,000;0,000;549,16;0,00;0,00;109,80;549,16;0,00;0,00
662A;332014891;TWY-PES FTF 2X170 FER ECR 350T S FIFTY;SB53083;66;KG;WIP;vivant;220,500;0,000;0,000;571,44;0,00;0,00;220,50;571,44;0,00;0,00
661A;332014914;TWY-PES FTF 2X170 FER ECR 350T S FIF TTG;2313365;66;KG;WIP ;vivant;131,000;0,000;0,000;420,71;0,00;0,00;131,00;420,71;0,00;0,00
661C;332014914;TWY-PES FTF 2X170 FER ECR 350T S FIF TTG;2356525;66;KG;WIP ;vivant;211,000;0,000;0,000;677,63;0,00;0,00;211,00;677,63;0,00;0,00
661C;332014914;TWY-PES FTF 2X170 FER ECR 350T S FIF TTG;2374043;66;KG;WIP ;vivant;197,000;0,000;0,000;632,67;0,00;0,00;197,00;632,67;0,00;0,00
662A;332014914;TWY-PES FTF 2X170 FER ECR 350T S FIF TTG;1949348;66;KG;WIP ;vivant;150,000;0,000;0,000;481,73;0,00;0,00;150,00;481,73;0,00;0,00
662A;332014914;TWY-PES FTF 2X170 FER ECR 350T S FIF TTG;2279687;66;KG;WIP ;vivant;64,000;0,000;0,000;205,54;0,00;0,00;64,00;205,54;0,00;0,00
662A;332014914;TWY-PES FTF 2X170 FER ECR 350T S FIF TTG;2328514;66;KG;WIP ;vivant;50,000;0,000;0,000;160,58;0,00;0,00;50,00;160,58;0,00;0,00
662A;332014914;TWY-PES FTF 2X170 FER ECR 350T S FIF TTG;2330582;66;KG;WIP ;vivant;100,000;0,000;0,000;321,15;0,00;0,00;100,00;321,15;0,00;0,00
661D;332014919;WA-KOTA 2X177TM BTM P217,5X32 FIFT/FIF A;2308439;66;M;WIP;vivant;0,000;0,000;1 786,000;0,00;0,00;1 720,15;0,00;0,00;1 786,00;1 720,15
661D;332014919;WA-KOTA 2X177TM BTM P217,5X32 FIFT/FIF A;2371888;66;M;WIP;vivant;632,000;0,000;0,000;608,70;0,00;0,00;632,00;608,70;0,00;0,00
661A;332014933;MS EL38VW 1950x11MM TG;2424057001;66;M;RM;Vivant;119,100;0,000;0,000;0,00;0,00;0,00;119,10;0,00;0,00;0,00
661A;332014933;MS EL38VW 1950x11MM TG;2424057002;66;M;RM;Vivant;118,800;0,000;0,000;0,00;0,00;0,00;118,80;0,00;0,00;0,00
661C;332014957;PBT 167/34-2CB A BI10 MASA 9002 PISARA;353858;66;KG;RM;vivant;68,000;0,000;0,000;505,92;0,00;0,00;68,00;505,92;0,00;0,00
661C;332014957;PBT 167/34-2CB A BI10 MASA 9002 PISARA;353859;66;KG;RM;vivant;62,000;0,000;0,000;461,28;0,00;0,00;62,00;461,28;0,00;0,00
662A;332014957;PBT 167/34-2CB A BI10 MASA 9002 PISARA;323725;66;KG;RM;vivant;230,000;0,000;0,000;1 711,20;0,00;0,00;230,00;1 711,20;0,00;0,00
662A;332014957;PBT 167/34-2CB A BI10 MASA 9002 PISARA;351951;66;KG;RM;vivant;40,000;0,000;0,000;297,60;0,00;0,00;40,00;297,60;0,00;0,00
661A;332014976;WT-TUN PULSE UNI GA P228 LANCE;239422632D;66;M;WIP ;vivant;418,000;0,000;0,000;2 262,50;0,00;0,00;418,00;2 262,50;0,00;0,00
661A;332014976;WT-TUN PULSE UNI GA P228 LANCE;240175332D;66;M;WIP ;vivant;370,000;0,000;0,000;2 002,69;0,00;0,00;370,00;2 002,69;0,00;0,00
661A;332014990;FT-PULSE UNI GA 192 CM 355GR;2340873;66;M;FG ;vivant;7,670;0,000;0,000;61,91;0,00;0,00;7,67;61,91;0,00;0,00
661A;332014990;FT-PULSE UNI GA 192 CM 355GR;2376893;66;M;FG ;vivant;33,880;0,000;0,000;273,45;0,00;0,00;33,88;273,45;0,00;0,00
661A;332014990;FT-PULSE UNI GA 192 CM 355GR;2383146;66;M;FG ;vivant;82,440;0,000;0,000;665,39;0,00;0,00;82,44;665,39;0,00;0,00
661A;332014990;FT-PULSE UNI GA 192 CM 355GR;2388827;66;M;FG ;vivant;53,160;0,000;0,000;429,06;0,00;0,00;53,16;429,06;0,00;0,00
661A;332014990;FT-PULSE UNI GA 192 CM 355GR;2394518;66;M;FG ;vivant;174,790;0,000;0,000;1 410,76;0,00;0,00;174,79;1 410,76;0,00;0,00
661A;332014990;FT-PULSE UNI GA 192 CM 355GR;2396839;66;M;FG ;vivant;0,000;70,320;55,480;0,00;567,57;447,79;70,32;567,57;55,48;447,79
661A;332014990;FT-PULSE UNI GA 192 CM 355GR;2400582;66;M;FG ;vivant;279,510;0,000;0,000;2 255,98;0,00;0,00;279,51;2 255,98;0,00;0,00
661E;332014995;PU UKADAN 2170;332014995;66;KG;RM;vivant;206,270;0,000;0,000;2 268,97;0,00;0,00;206,27;2 268,97;0,00;0,00
661A;332015008;MS GR SCS 337T 1,9MM 1960MM FL;122427/01;66;M;RM;Vivant;540,000;0,000;0,000;412,56;0,00;0,00;540,00;412,56;0,00;0,00
661A;332015008;MS GR SCS 337T 1,9MM 1960MM FL;123815/01;66;M;RM;Vivant;5 940,000;0,000;0,000;4 538,16;0,00;0,00;5 940,00;4 538,16;0,00;0,00
661E;332015008;MS GR SCS 337T 1,9MM 1960MM FL;122756/01;66;M;RM;Vivant;197,000;0,000;0,000;150,51;0,00;0,00;197,00;150,51;0,00;0,00
661A;332015102;YAR-PES FTF3X183/36 TM D-SPIRIT RECY ANT;354407;66;KG;RM;vivant;1 035,920;0,000;0,000;0,00;0,00;0,00;1 035,92;0,00;0,00;0,00
661C;332015102;YAR-PES FTF3X183/36 TM D-SPIRIT RECY ANT;320607;66;KG;RM;vivant;350,000;0,000;0,000;1 788,50;0,00;0,00;350,00;1 788,50;0,00;0,00
662A;332015102;YAR-PES FTF3X183/36 TM D-SPIRIT RECY ANT;343277;66;KG;RM;vivant;50,000;0,000;0,000;255,50;0,00;0,00;50,00;255,50;0,00;0,00
661A;332015107;YAR-PES TASLAN1X380 TM SPRIT RECY ANT;341623;66;KG;RM;vivant;8,570;0,000;0,000;43,79;0,00;0,00;8,57;43,79;0,00;0,00
661A;332015107;YAR-PES TASLAN1X380 TM SPRIT RECY ANT;357211;66;KG;RM;vivant;3 400,360;0,000;0,000;0,00;0,00;0,00;3 400,36;0,00;0,00;0,00
661D;332015107;YAR-PES TASLAN1X380 TM SPRIT RECY ANT;357211;66;KG;RM;vivant;355,000;0,000;0,000;1 814,05;0,00;0,00;355,00;1 814,05;0,00;0,00
662A;332015107;YAR-PES TASLAN1X380 TM SPRIT RECY ANT;341623;66;KG;RM;vivant;21,000;0,000;0,000;107,31;0,00;0,00;21,00;107,31;0,00;0,00
661A;332015121;LAM-Rimini G275 Recyclé Mistral HZD-2MM;2214630;66;M;FG;vivant;0,000;0,000;80,090;0,00;0,00;330,58;0,00;0,00;80,09;330,58
661A;332015121;LAM-Rimini G275 Recyclé Mistral HZD-2MM;2383211;66;M;FG;vivant;81,480;0,000;134,790;336,32;0,00;556,36;81,48;336,32;134,79;556,36
661A;332015121;LAM-Rimini G275 Recyclé Mistral HZD-2MM;2389720;66;M;FG;vivant;0,000;650,080;0,000;0,00;2 683,27;0,00;650,08;2 683,27;0,00;0,00
661A;332015126;LAM-Rimini G275 Recyclé Mistral HZD-5MM;2210578;66;M;FG ;vivant;73,740;0,000;0,000;370,72;0,00;0,00;73,74;370,72;0,00;0,00
661E;332015169;FT-Ornis G332 Recyclé(Carbon) Narbonnais;2190621;66;M;FG ;vivant;0,000;97,720;0,000;0,00;910,75;0,00;97,72;910,75;0,00;0,00
661A;332015188;FT-Rimini G275 Recyclé Guérande HP - TWS;333624;66;M;RM;vivant;579,030;0,000;0,000;4 273,24;0,00;0,00;579,03;4 273,24;0,00;0,00
661A;332015188;FT-Rimini G275 Recyclé Guérande HP - TWS;333986;66;M;RM;vivant;580,230;0,000;0,000;4 282,10;0,00;0,00;580,23;4 282,10;0,00;0,00
661A;332015188;FT-Rimini G275 Recyclé Guérande HP - TWS;333988;66;M;RM;vivant;583,930;0,000;0,000;4 309,40;0,00;0,00;583,93;4 309,40;0,00;0,00
661A;332015188;FT-Rimini G275 Recyclé Guérande HP - TWS;334609;66;M;RM;vivant;566,130;0,000;0,000;4 178,04;0,00;0,00;566,13;4 178,04;0,00;0,00
661A;332015188;FT-Rimini G275 Recyclé Guérande HP - TWS;334610;66;M;RM;vivant;583,110;0,000;0,000;4 303,35;0,00;0,00;583,11;4 303,35;0,00;0,00
661A;332015188;FT-Rimini G275 Recyclé Guérande HP - TWS;335129;66;M;RM;vivant;578,880;0,000;0,000;4 272,13;0,00;0,00;578,88;4 272,13;0,00;0,00
661A;332015188;FT-Rimini G275 Recyclé Guérande HP - TWS;335131;66;M;RM;vivant;583,400;0,000;0,000;4 305,49;0,00;0,00;583,40;4 305,49;0,00;0,00
661A;332015188;FT-Rimini G275 Recyclé Guérande HP - TWS;336510;66;M;RM;vivant;597,590;0,000;0,000;4 410,21;0,00;0,00;597,59;4 410,21;0,00;0,00
661A;332015188;FT-Rimini G275 Recyclé Guérande HP - TWS;336877;66;M;RM;vivant;553,600;0,000;0,000;4 085,57;0,00;0,00;553,60;4 085,57;0,00;0,00
661A;332015188;FT-Rimini G275 Recyclé Guérande HP - TWS;336878;66;M;RM;vivant;0,000;601,430;0,000;0,00;4 438,55;0,00;601,43;4 438,55;0,00;0,00
661E;332015188;FT-Rimini G275 Recyclé Guérande HP - TWS;318227/2;66;M;RM;vivant;0,000;0,000;289,000;0,00;0,00;2 132,82;0,00;0,00;289,00;2 132,82
661A;332015201;LAM-Rimini G275 Recyclé Guérande HPT-2MM;2231059;66;M;FG;vivant;0,000;21,110;0,000;0,00;192,62;0,00;21,11;192,62;0,00;0,00
661A;332015201;LAM-Rimini G275 Recyclé Guérande HPT-2MM;2284915;66;M;FG;vivant;37,000;0,000;0,000;337,61;0,00;0,00;37,00;337,61;0,00;0,00
661A;332015201;LAM-Rimini G275 Recyclé Guérande HPT-2MM;2335181;66;M;FG;vivant;1,030;173,770;0,000;9,40;1 585,60;0,00;174,80;1 595,00;0,00;0,00
661A;332015201;LAM-Rimini G275 Recyclé Guérande HPT-2MM;2340143;66;M;FG;vivant;0,000;533,770;0,000;0,00;4 870,48;0,00;533,77;4 870,48;0,00;0,00
661A;332015201;LAM-Rimini G275 Recyclé Guérande HPT-2MM;2378057;66;M;FG;vivant;0,000;0,000;19,190;0,00;0,00;175,10;0,00;0,00;19,19;175,10
661A;332015220;WT-MELLOW TM CHINE FONCE EC P231 D20 FUT;236625118A;66;M;WIP;Vivant;208,000;0,000;0,000;400,39;0,00;0,00;208,00;400,39;0,00;0,00
661A;332015220;WT-MELLOW TM CHINE FONCE EC P231 D20 FUT;239840835A;66;M;WIP;Vivant;879,000;0,000;0,000;1 692,05;0,00;0,00;879,00;1 692,05;0,00;0,00
661A;332015220;WT-MELLOW TM CHINE FONCE EC P231 D20 FUT;240173018A;66;M;WIP;Vivant;1 000,000;0,000;0,000;1 924,97;0,00;0,00;1 000,00;1 924,97;0,00;0,00
661A;332015263;LAM ORNIS CARBON NARBONAIS HZF 2MM;2319672;66;M;FG;vivant;1,020;0,000;0,000;12,55;0,00;0,00;1,02;12,55;0,00;0,00
661A;332015263;LAM ORNIS CARBON NARBONAIS HZF 2MM;2337508;66;M;FG;vivant;0,000;0,000;39,220;0,00;0,00;482,66;0,00;0,00;39,22;482,66
661A;332015263;LAM ORNIS CARBON NARBONAIS HZF 2MM;2377702;66;M;FG;vivant;0,000;0,000;17,640;0,00;0,00;217,09;0,00;0,00;17,64;217,09
661A;332015263;LAM ORNIS CARBON NARBONAIS HZF 2MM;2389598;66;M;FG;vivant;0,000;0,000;24,030;0,00;0,00;295,72;0,00;0,00;24,03;295,72
661A;332015324;FT-TUN RIMINI TP  ECRU RECYCL CR3 192 MM;2340155;66;M;FG;vivant;281,030;0,000;0,000;641,85;0,00;0,00;281,03;641,85;0,00;0,00
661A;332015329;WA-PULSE UNIGA 2X167/34 PISSARAT ANTEX B;2377416;66;M;WIP ;vivant;2 200,000;0,000;0,000;6 007,74;0,00;0,00;2 200,00;6 007,74;0,00;0,00
661A;332015329;WA-PULSE UNIGA 2X167/34 PISSARAT ANTEX B;2392675;66;M;WIP ;vivant;2 250,000;0,000;0,000;6 144,28;0,00;0,00;2 250,00;6 144,28;0,00;0,00
662A;332015343;MS EL38 VW ANT 6,7x1900MM;2436029002;66;M;RM;vivant;108,300;0,000;0,000;263,17;0,00;0,00;108,30;263,17;0,00;0,00
661A;332015367;WT-TUN CLIP SOUL Recyclé  P230 D17;237757004C;66;M;WIP;Vivant;0,000;0,000;89,000;0,00;0,00;237,31;0,00;0,00;89,00;237,31
661A;332015367;WT-TUN CLIP SOUL Recyclé  P230 D17;237977404D;66;M;WIP;Vivant;0,000;0,000;219,000;0,00;0,00;583,95;0,00;0,00;219,00;583,95
661A;332015367;WT-TUN CLIP SOUL Recyclé  P230 D17;238223104B;66;M;WIP;Vivant;0,000;0,000;50,000;0,00;0,00;133,32;0,00;0,00;50,00;133,32
661A;332015367;WT-TUN CLIP SOUL Recyclé  P230 D17;238772904B;66;M;WIP;Vivant;711,000;0,000;162,000;1 895,83;0,00;431,96;711,00;1 895,83;162,00;431,96
661A;332015386;FT-CLIP SOUL Recyclé 1920MM 230GR;2358822;66;M;FG;Vivant;0,000;0,000;451,770;0,00;0,00;1 495,84;0,00;0,00;451,77;1 495,84
661A;332015386;FT-CLIP SOUL Recyclé 1920MM 230GR;2380881;66;M;FG;Vivant;0,000;0,000;304,090;0,00;0,00;1 006,86;0,00;0,00;304,09;1 006,86
661A;332015386;FT-CLIP SOUL Recyclé 1920MM 230GR;2395503;66;M;FG;Vivant;332,770;0,000;0,000;1 101,82;0,00;0,00;332,77;1 101,82;0,00;0,00
661A;332015386;FT-CLIP SOUL Recyclé 1920MM 230GR;2396696;66;M;FG;Vivant;0,000;0,000;674,740;0,00;0,00;2 234,10;0,00;0,00;674,74;2 234,10
662A;332015409;MS AE28BF LD GT 2040*5,6 TG;2431037006;66;M;RM ;vivant;226,500;0,000;0,000;351,08;0,00;0,00;226,50;351,08;0,00;0,00
662A;332015423;MS AE28BF LD GT 1950*15,5MM TG;2431037001;66;M;RM ;vivant;59,100;0,000;0,000;244,08;0,00;0,00;59,10;244,08;0,00;0,00
662A;332015423;MS AE28BF LD GT 1950*15,5MM TG;2431037003;66;M;RM ;vivant;0,000;0,000;59,800;0,00;0,00;246,97;0,00;0,00;59,80;246,97
662A;332015423;MS AE28BF LD GT 1950*15,5MM TG;2431037004;66;M;RM ;vivant;60,200;0,000;0,000;248,62;0,00;0,00;60,20;248,62;0,00;0,00
661A;332015428;MS GR SCS 337T 4,8MM 1960MM FL;121545/01;66;M;RM;vivant;45,000;0,000;0,000;78,57;0,00;0,00;45,00;78,57;0,00;0,00
661A;332015428;MS GR SCS 337T 4,8MM 1960MM FL;121725/02;66;M;RM;vivant;586,000;0,000;0,000;1 023,16;0,00;0,00;586,00;1 023,16;0,00;0,00
661A;332015428;MS GR SCS 337T 4,8MM 1960MM FL;122427/02;66;M;RM;vivant;240,000;0,000;0,000;419,04;0,00;0,00;240,00;419,04;0,00;0,00
661E;332015428;MS GR SCS 337T 4,8MM 1960MM FL;121725/02;66;M;RM;vivant;125,000;0,000;0,000;218,25;0,00;0,00;125,00;218,25;0,00;0,00
661E;332015428;MS GR SCS 337T 4,8MM 1960MM FL;122427/02;66;M;RM;vivant;50,000;0,000;0,000;87,30;0,00;0,00;50,00;87,30;0,00;0,00
662A;332015428;MS GR SCS 337T 4,8MM 1960MM FL;122427/02;66;M;RM;vivant;5 502,000;0,000;0,000;9 606,51;0,00;0,00;5 502,00;9 606,51;0,00;0,00
661E;332015442;MS GR SCS 337T 5,7MM 1960MM FL;116781/05;66;M;RM;vivant;219,000;0,000;0,000;449,17;0,00;0,00;219,00;449,17;0,00;0,00
661A;332015461;MS GR SCS 337T 2,7MM 1860MM FL;117333/02;66;M;RM;vivant;0,000;0,000;140,000;0,00;0,00;138,32;0,00;0,00;140,00;138,32
662A;332015461;MS GR SCS 337T 2,7MM 1860MM FL;117333/02;66;M;RM;vivant;841,000;0,000;0,000;830,91;0,00;0,00;841,00;830,91;0,00;0,00
661A;332015466;LAM-STRITON -FOIL AG 1620MM 4MM;2325292;66;M;FG;vivant;501,510;0,000;0,000;3 399,00;0,00;0,00;501,51;3 399,00;0,00;0,00
661A;332015480;LAM-STRITON -FOIL AD 1620MM 4MM;2320054;66;M;FG;vivant;57,390;0,000;0,000;388,96;0,00;0,00;57,39;388,96;0,00;0,00
661A;332015485;LAM-STRITON FOIL ARD 1620MM 4MM;2325377;66;M;FG ;vivant;270,320;0,000;0,000;1 825,01;0,00;0,00;270,32;1 825,01;0,00;0,00
661A;332015503;LAM-STRITON -FOIL ARG 1620 MM4MM;2298517;66;M;FG;vivant;12,120;0,000;0,000;81,83;0,00;0,00;12,12;81,83;0,00;0,00
661A;332015503;LAM-STRITON -FOIL ARG 1620 MM4MM;2313311;66;M;FG;vivant;0,000;162,950;0,000;0,00;1 100,13;0,00;162,95;1 100,13;0,00;0,00
661A;332015503;LAM-STRITON -FOIL ARG 1620 MM4MM;2325293;66;M;FG;vivant;698,780;0,000;0,000;4 717,69;0,00;0,00;698,78;4 717,69;0,00;0,00
661A;332015503;LAM-STRITON -FOIL ARG 1620 MM4MM;2325296;66;M;FG;vivant;558,530;0,000;0,000;3 770,82;0,00;0,00;558,53;3 770,82;0,00;0,00
661A;332015541;FT-IONAT MELANGE G726 HZM BISE;2077781;66;M;FG ;vivant;0,000;0,000;49,580;0,00;0,00;109,05;0,00;0,00;49,58;109,05
661A;332015565;LAM-PULSE UNI 1900MM 1MM;2387708;66;M;FG;vivant;0,000;0,000;34,680;0,00;0,00;264,15;0,00;0,00;34,68;264,15
661A;332015607;PAK-TUBE S bav 100X110X2050;332015607;66;ST;RM;vivant;35,000;0,000;0,000;82,80;0,00;0,00;35,00;82,80;0,00;0,00
661A;332015640;TWS-PES FTF 500/100-1ROUN SEMI T180 INDO;1102758;66;KG;RM;vivant;6 746,000;0,000;0,000;26 714,24;0,00;0,00;6 746,00;26 714,24;0,00;0,00
661C;332015640;TWS-PES FTF 500/100-1ROUN SEMI T180 INDO;1102739;66;KG;RM;vivant;9,000;0,000;0,000;35,64;0,00;0,00;9,00;35,64;0,00;0,00
661C;332015664;YAR-PES FTF 3X150D/48 TM NOIR BARNET;ST12723;66;KG;RM;vivant;185,000;0,000;0,000;347,80;0,00;0,00;185,00;347,80;0,00;0,00
661A;332015669;YAR-PES DTY 3X167/34 RD SDTANGLEE HA APF;4P1501/4;66;KG;RM;vivant;7 116,200;0,000;0,000;30 754,39;0,00;0,00;7 116,20;30 754,39;0,00;0,00
661C;332015669;YAR-PES DTY 3X167/34 RD SDTANGLEE HA APF;4P1501/3;66;KG;RM;vivant;284,000;0,000;0,000;1 227,38;0,00;0,00;284,00;1 227,38;0,00;0,00
661C;332015669;YAR-PES DTY 3X167/34 RD SDTANGLEE HA APF;4P1501/4;66;KG;RM;vivant;156,050;0,000;0,000;674,41;0,00;0,00;156,05;674,41;0,00;0,00
662A;332015669;YAR-PES DTY 3X167/34 RD SDTANGLEE HA APF;4P1501/1;66;KG;RM;vivant;562,000;0,000;0,000;2 428,82;0,00;0,00;562,00;2 428,82;0,00;0,00
662A;332015669;YAR-PES DTY 3X167/34 RD SDTANGLEE HA APF;4P1501/4;66;KG;RM;vivant;494,100;0,000;0,000;2 135,37;0,00;0,00;494,10;2 135,37;0,00;0,00
661A;332015701;YAR-PES FTF 3X178/48 TM 2ECR/1NOIR XZJ;MELANGE J3;66;KG;RM;vivant;350,000;0,000;0,000;840,00;0,00;0,00;350,00;840,00;0,00;0,00
661D;332015701;YAR-PES FTF 3X178/48 TM 2ECR/1NOIR XZJ;MELANGE J2;66;KG;RM;vivant;12,000;0,000;0,000;28,80;0,00;0,00;12,00;28,80;0,00;0,00
661D;332015701;YAR-PES FTF 3X178/48 TM 2ECR/1NOIR XZJ;MELANGE J3;66;KG;RM;vivant;490,000;0,000;0,000;1 176,00;0,00;0,00;490,00;1 176,00;0,00;0,00
662A;332015701;YAR-PES FTF 3X178/48 TM 2ECR/1NOIR XZJ;MELANGE J2;66;KG;RM;vivant;247,700;0,000;0,000;594,48;0,00;0,00;247,70;594,48;0,00;0,00
662A;332015701;YAR-PES FTF 3X178/48 TM 2ECR/1NOIR XZJ;MELANGE J3;66;KG;RM;vivant;1 013,000;0,000;0,000;2 431,20;0,00;0,00;1 013,00;2 431,20;0,00;0,00
662A;332015701;YAR-PES FTF 3X178/48 TM 2ECR/1NOIR XZJ;MELANGE-J1;66;KG;RM;vivant;12,000;0,000;0,000;28,80;0,00;0,00;12,00;28,80;0,00;0,00
661A;332015706;WT-TUN  IONAT TP  REPS 2-2 P226 D24;239025926B;66;M;WIP ;vivant;837,000;0,000;0,000;1 040,55;0,00;0,00;837,00;1 040,55;0,00;0,00
661A;332015706;WT-TUN  IONAT TP  REPS 2-2 P226 D24;240002517B;66;M;WIP ;vivant;774,000;0,000;0,000;962,23;0,00;0,00;774,00;962,23;0,00;0,00
661A;332015749;WA-CLIP 3X184 TM TM REC P217X22 APF;2399755;66;M;WIP;vivant;3 900,000;0,000;0,000;4 424,39;0,00;0,00;3 900,00;4 424,39;0,00;0,00
661A;332015768;YAR-PES TASLAN 1X400/144 TM NOIR INODRAM;808855;66;KG;RM;vivant;1 080,700;0,000;0,000;4 376,85;0,00;0,00;1 080,70;4 376,85;0,00;0,00
661D;332015768;YAR-PES TASLAN 1X400/144 TM NOIR INODRAM;808855;66;KG;RM;vivant;241,900;0,000;0,000;979,70;0,00;0,00;241,90;979,70;0,00;0,00
661A;332015782;MS EL35VW 2040x1.9 TG;2528095010;66;M;RM;vivant;570,000;0,000;0,000;369,36;0,00;0,00;570,00;369,36;0,00;0,00
661A;332015782;MS EL35VW 2040x1.9 TG;2528095012;66;M;RM;vivant;711,000;0,000;0,000;460,73;0,00;0,00;711,00;460,73;0,00;0,00
661E;332015782;MS EL35VW 2040x1.9 TG;2528095011;66;M;RM;vivant;711,300;0,000;0,000;460,92;0,00;0,00;711,30;460,92;0,00;0,00
661A;332015787;MS EL35VW 1960*3.7 TG;2528095002;66;M;RM;vivant;211,900;0,000;0,000;257,03;0,00;0,00;211,90;257,03;0,00;0,00
661A;332015787;MS EL35VW 1960*3.7 TG;2528095004;66;M;RM;vivant;356,300;0,000;0,000;432,19;0,00;0,00;356,30;432,19;0,00;0,00
661A;332015787;MS EL35VW 1960*3.7 TG;2528095005;66;M;RM;vivant;356,300;0,000;0,000;432,19;0,00;0,00;356,30;432,19;0,00;0,00
661A;332015787;MS EL35VW 1960*3.7 TG;2528095006;66;M;RM;vivant;356,300;0,000;0,000;432,19;0,00;0,00;356,30;432,19;0,00;0,00
661A;332015787;MS EL35VW 1960*3.7 TG;2528095007;66;M;RM;vivant;356,200;0,000;0,000;432,07;0,00;0,00;356,20;432,07;0,00;0,00
661A;332015787;MS EL35VW 1960*3.7 TG;2528095008;66;M;RM;vivant;356,100;0,000;0,000;431,95;0,00;0,00;356,10;431,95;0,00;0,00
661A;332015787;MS EL35VW 1960*3.7 TG;2528095009;66;M;RM;vivant;349,200;0,000;0,000;423,58;0,00;0,00;349,20;423,58;0,00;0,00
661A;332015824;FT-BRASILIA MISTRAL 290GR  192CM  Fut;2335860;66;M;FG;vivant;0,000;0,000;397,970;0,00;0,00;827,59;0,00;0,00;397,97;827,59
661A;332015824;FT-BRASILIA MISTRAL 290GR  192CM  Fut;2355448;66;M;FG;vivant;200,000;0,000;0,000;415,91;0,00;0,00;200,00;415,91;0,00;0,00
661A;332015824;FT-BRASILIA MISTRAL 290GR  192CM  Fut;2357339;66;M;FG;vivant;37,160;0,000;0,000;77,28;0,00;0,00;37,16;77,28;0,00;0,00
661A;332015824;FT-BRASILIA MISTRAL 290GR  192CM  Fut;2372855;66;M;FG;vivant;0,000;0,000;1 138,630;0,00;0,00;2 367,82;0,00;0,00;1 138,63;2 367,82
661A;332015824;FT-BRASILIA MISTRAL 290GR  192CM  Fut;2372996;66;M;FG;vivant;169,050;0,000;0,000;351,54;0,00;0,00;169,05;351,54;0,00;0,00
661A;332015824;FT-BRASILIA MISTRAL 290GR  192CM  Fut;2378578;66;M;FG;vivant;0,000;0,000;254,230;0,00;0,00;528,68;0,00;0,00;254,23;528,68
661A;332015824;FT-BRASILIA MISTRAL 290GR  192CM  Fut;2384595;66;M;FG;vivant;0,000;0,000;1 978,720;0,00;0,00;4 114,81;0,00;0,00;1 978,72;4 114,81
661A;332015824;FT-BRASILIA MISTRAL 290GR  192CM  Fut;2388583;66;M;FG;vivant;1 643,190;0,000;0,000;3 417,06;0,00;0,00;1 643,19;3 417,06;0,00;0,00
661A;332015824;FT-BRASILIA MISTRAL 290GR  192CM  Fut;2389213;66;M;FG;vivant;1 878,910;0,000;0,000;3 907,25;0,00;0,00;1 878,91;3 907,25;0,00;0,00
661A;332015824;FT-BRASILIA MISTRAL 290GR  192CM  Fut;2389246;66;M;FG;vivant;1 135,810;0,000;0,000;2 361,95;0,00;0,00;1 135,81;2 361,95;0,00;0,00
661A;332015824;FT-BRASILIA MISTRAL 290GR  192CM  Fut;2389869;66;M;FG;vivant;677,150;0,000;0,000;1 408,15;0,00;0,00;677,15;1 408,15;0,00;0,00
661A;332015824;FT-BRASILIA MISTRAL 290GR  192CM  Fut;2390182;66;M;FG;vivant;342,000;0,000;0,000;711,20;0,00;0,00;342,00;711,20;0,00;0,00
661A;332015824;FT-BRASILIA MISTRAL 290GR  192CM  Fut;2391291;66;M;FG;vivant;631,080;0,000;0,000;1 312,35;0,00;0,00;631,08;1 312,35;0,00;0,00
661A;332015824;FT-BRASILIA MISTRAL 290GR  192CM  Fut;2393197;66;M;FG;vivant;650,020;0,000;0,000;1 351,74;0,00;0,00;650,02;1 351,74;0,00;0,00
661A;332015824;FT-BRASILIA MISTRAL 290GR  192CM  Fut;2394058;66;M;FG;vivant;1 882,840;0,000;0,000;3 915,42;0,00;0,00;1 882,84;3 915,42;0,00;0,00
661A;332015824;FT-BRASILIA MISTRAL 290GR  192CM  Fut;2394486;66;M;FG;vivant;1 822,050;0,000;0,000;3 789,01;0,00;0,00;1 822,05;3 789,01;0,00;0,00
661A;332015824;FT-BRASILIA MISTRAL 290GR  192CM  Fut;2395088;66;M;FG;vivant;1 863,940;0,000;0,000;3 876,12;0,00;0,00;1 863,94;3 876,12;0,00;0,00
661A;332015824;FT-BRASILIA MISTRAL 290GR  192CM  Fut;2395105;66;M;FG;vivant;1 886,160;0,000;0,000;3 922,33;0,00;0,00;1 886,16;3 922,33;0,00;0,00
661A;332015824;FT-BRASILIA MISTRAL 290GR  192CM  Fut;2395607;66;M;FG;vivant;1 869,740;0,000;0,000;3 888,18;0,00;0,00;1 869,74;3 888,18;0,00;0,00
661A;332015824;FT-BRASILIA MISTRAL 290GR  192CM  Fut;2398392;66;M;FG;vivant;1 286,300;0,000;0,000;2 674,90;0,00;0,00;1 286,30;2 674,90;0,00;0,00
661A;332015824;FT-BRASILIA MISTRAL 290GR  192CM  Fut;2398422;66;M;FG;vivant;1 871,360;0,000;0,000;3 891,55;0,00;0,00;1 871,36;3 891,55;0,00;0,00
661A;332015824;FT-BRASILIA MISTRAL 290GR  192CM  Fut;2399807;66;M;FG;vivant;0,000;0,000;609,250;0,00;0,00;1 266,95;0,00;0,00;609,25;1 266,95
661A;332015824;FT-BRASILIA MISTRAL 290GR  192CM  Fut;2400151;66;M;FG;vivant;0,000;1 788,950;0,000;0,00;3 720,17;0,00;1 788,95;3 720,17;0,00;0,00
661A;332015824;FT-BRASILIA MISTRAL 290GR  192CM  Fut;2400299;66;M;FG;vivant;0,000;655,870;0,000;0,00;1 363,90;0,00;655,87;1 363,90;0,00;0,00
661A;332015824;FT-BRASILIA MISTRAL 290GR  192CM  Fut;2401747;66;M;FG;vivant;0,000;1 819,720;0,000;0,00;3 784,16;0,00;1 819,72;3 784,16;0,00;0,00
661A;332015824;FT-BRASILIA MISTRAL 290GR  192CM  Fut;2401780;66;M;FG;vivant;0,000;600,120;0,000;0,00;1 247,97;0,00;600,12;1 247,97;0,00;0,00
661A;332015824;FT-BRASILIA MISTRAL 290GR  192CM  Fut;2401807;66;M;FG;vivant;0,000;455,130;0,000;0,00;946,46;0,00;455,13;946,46;0,00;0,00
661A;332015824;FT-BRASILIA MISTRAL 290GR  192CM  Fut;2401810;66;M;FG;vivant;0,000;933,930;0,000;0,00;1 942,14;0,00;933,93;1 942,14;0,00;0,00
661A;332015824;FT-BRASILIA MISTRAL 290GR  192CM  Fut;2401823;66;M;FG;vivant;0,000;1 893,740;0,000;0,00;3 938,09;0,00;1 893,74;3 938,09;0,00;0,00
661E;332015824;FT-BRASILIA MISTRAL 290GR  192CM  Fut;2284316;66;M;FG;vivant;160,130;0,000;0,000;333,00;0,00;0,00;160,13;333,00;0,00;0,00
661E;332015824;FT-BRASILIA MISTRAL 290GR  192CM  Fut;2293967;66;M;FG;vivant;115,900;0,000;0,000;241,02;0,00;0,00;115,90;241,02;0,00;0,00
661E;332015824;FT-BRASILIA MISTRAL 290GR  192CM  Fut;2390652;66;M;FG;vivant;66,990;0,000;0,000;139,31;0,00;0,00;66,99;139,31;0,00;0,00
661A;332015829;FT-CURITIBA UP NARBONNAIS 275GR 192CM KO;2245665;66;M;FG;vivant;0,000;0,000;124,870;0,00;0,00;268,22;0,00;0,00;124,87;268,22
661A;332015829;FT-CURITIBA UP NARBONNAIS 275GR 192CM KO;2320279;66;M;FG;vivant;0,000;0,000;1 264,020;0,00;0,00;2 715,14;0,00;0,00;1 264,02;2 715,14
661A;332015829;FT-CURITIBA UP NARBONNAIS 275GR 192CM KO;2378524;66;M;FG;vivant;510,810;0,000;0,000;1 097,23;0,00;0,00;510,81;1 097,23;0,00;0,00
661A;332015829;FT-CURITIBA UP NARBONNAIS 275GR 192CM KO;2378717;66;M;FG;vivant;487,510;0,000;0,000;1 047,18;0,00;0,00;487,51;1 047,18;0,00;0,00
661A;332015829;FT-CURITIBA UP NARBONNAIS 275GR 192CM KO;2394771;66;M;FG;vivant;764,370;0,000;512,570;1 641,88;0,00;1 101,01;764,37;1 641,88;512,57;1 101,01
661A;332015829;FT-CURITIBA UP NARBONNAIS 275GR 192CM KO;2400583;66;M;FG;vivant;0,000;1 275,880;0,000;0,00;2 740,62;0,00;1 275,88;2 740,62;0,00;0,00
661E;332015829;FT-CURITIBA UP NARBONNAIS 275GR 192CM KO;2341166;66;M;FG;vivant;1 290,740;0,000;0,000;2 772,54;0,00;0,00;1 290,74;2 772,54;0,00;0,00
661A;332015843;WA-CLIP 3X167 TM SOUL P230X22 APF A;2400575;66;M;WIP;Vivant;4 010,000;0,000;0,000;2 900,91;0,00;0,00;4 010,00;2 900,91;0,00;0,00
661A;332015843;WA-CLIP 3X167 TM SOUL P230X22 APF A;2401817;66;M;WIP;Vivant;7 670,000;0,000;0,000;5 548,63;0,00;0,00;7 670,00;5 548,63;0,00;0,00
661A;332015843;WA-CLIP 3X167 TM SOUL P230X22 APF A;2401824;66;M;WIP;Vivant;7 670,000;0,000;0,000;5 548,63;0,00;0,00;7 670,00;5 548,63;0,00;0,00
661D;332015843;WA-CLIP 3X167 TM SOUL P230X22 APF A;2366133;66;M;WIP;Vivant;1 260,000;0,000;0,000;911,51;0,00;0,00;1 260,00;911,51;0,00;0,00
661A;332015867;PALMA T.S. HYPERBLACK D38 L1920 MM;2205695;66;M;FG;Vivant;170,000;0,000;0,000;725,90;0,00;0,00;170,00;725,90;0,00;0,00
662A;332015886;YAR-PES FTF 2X170/48 TM 1NOIR/1BISE XZJ;KIRA-B-J1;66;KG;RM;vivant;1 042,075;0,000;0,000;3 959,88;0,00;0,00;1 042,08;3 959,88;0,00;0,00
661A;332015904;MS AE28BF GT 1950MM * 2,6MMTG;2612079004;66;M;RM;Vivant;450,800;0,000;0,000;0,00;0,00;0,00;450,80;0,00;0,00;0,00
661A;332015904;MS AE28BF GT 1950MM * 2,6MMTG;2616071025;66;M;RM;Vivant;290,000;0,000;0,000;0,00;0,00;0,00;290,00;0,00;0,00;0,00
661A;332015904;MS AE28BF GT 1950MM * 2,6MMTG;2618085019;66;M;RM;Vivant;541,000;0,000;0,000;0,00;0,00;0,00;541,00;0,00;0,00;0,00
661A;332015904;MS AE28BF GT 1950MM * 2,6MMTG;2618085020;66;M;RM;Vivant;540,800;0,000;0,000;0,00;0,00;0,00;540,80;0,00;0,00;0,00
661A;332015904;MS AE28BF GT 1950MM * 2,6MMTG;2618085022;66;M;RM;Vivant;542,000;0,000;0,000;0,00;0,00;0,00;542,00;0,00;0,00;0,00
661A;332015904;MS AE28BF GT 1950MM * 2,6MMTG;2618085023;66;M;RM;Vivant;542,900;0,000;0,000;0,00;0,00;0,00;542,90;0,00;0,00;0,00
661A;332015904;MS AE28BF GT 1950MM * 2,6MMTG;2619087004;66;M;RM;Vivant;538,600;0,000;0,000;0,00;0,00;0,00;538,60;0,00;0,00;0,00
661A;332015904;MS AE28BF GT 1950MM * 2,6MMTG;2619087005;66;M;RM;Vivant;538,700;0,000;0,000;0,00;0,00;0,00;538,70;0,00;0,00;0,00
661A;332015904;MS AE28BF GT 1950MM * 2,6MMTG;2619087006;66;M;RM;Vivant;538,600;0,000;0,000;0,00;0,00;0,00;538,60;0,00;0,00;0,00
661A;332015904;MS AE28BF GT 1950MM * 2,6MMTG;2619087007;66;M;RM;Vivant;538,700;0,000;0,000;0,00;0,00;0,00;538,70;0,00;0,00;0,00
661A;332015904;MS AE28BF GT 1950MM * 2,6MMTG;2619087008;66;M;RM;Vivant;538,700;0,000;0,000;0,00;0,00;0,00;538,70;0,00;0,00;0,00
661A;332015904;MS AE28BF GT 1950MM * 2,6MMTG;2619087009;66;M;RM;Vivant;538,800;0,000;0,000;0,00;0,00;0,00;538,80;0,00;0,00;0,00
661A;332015904;MS AE28BF GT 1950MM * 2,6MMTG;2619087010;66;M;RM;Vivant;538,200;0,000;0,000;0,00;0,00;0,00;538,20;0,00;0,00;0,00
661A;332015904;MS AE28BF GT 1950MM * 2,6MMTG;2619087011;66;M;RM;Vivant;539,600;0,000;0,000;0,00;0,00;0,00;539,60;0,00;0,00;0,00
661A;332015904;MS AE28BF GT 1950MM * 2,6MMTG;2619087016;66;M;RM;Vivant;539,000;0,000;0,000;0,00;0,00;0,00;539,00;0,00;0,00;0,00
661A;332015904;MS AE28BF GT 1950MM * 2,6MMTG;2620081001;66;M;RM;Vivant;539,600;0,000;0,000;0,00;0,00;0,00;539,60;0,00;0,00;0,00
661A;332015904;MS AE28BF GT 1950MM * 2,6MMTG;2620081002;66;M;RM;Vivant;537,600;0,000;0,000;0,00;0,00;0,00;537,60;0,00;0,00;0,00
661A;332015904;MS AE28BF GT 1950MM * 2,6MMTG;2620081003;66;M;RM;Vivant;537,200;0,000;0,000;0,00;0,00;0,00;537,20;0,00;0,00;0,00
661A;332015904;MS AE28BF GT 1950MM * 2,6MMTG;2620081004;66;M;RM;Vivant;537,100;0,000;0,000;0,00;0,00;0,00;537,10;0,00;0,00;0,00
661A;332015904;MS AE28BF GT 1950MM * 2,6MMTG;2620081005;66;M;RM;Vivant;537,000;0,000;0,000;0,00;0,00;0,00;537,00;0,00;0,00;0,00
661A;332015904;MS AE28BF GT 1950MM * 2,6MMTG;2620081006;66;M;RM;Vivant;536,900;0,000;0,000;0,00;0,00;0,00;536,90;0,00;0,00;0,00
661A;332015904;MS AE28BF GT 1950MM * 2,6MMTG;2620081007;66;M;RM;Vivant;536,800;0,000;0,000;0,00;0,00;0,00;536,80;0,00;0,00;0,00
661A;332015904;MS AE28BF GT 1950MM * 2,6MMTG;2620081008;66;M;RM;Vivant;536,800;0,000;0,000;0,00;0,00;0,00;536,80;0,00;0,00;0,00
661A;332015904;MS AE28BF GT 1950MM * 2,6MMTG;2620081009;66;M;RM;Vivant;536,700;0,000;0,000;0,00;0,00;0,00;536,70;0,00;0,00;0,00
661A;332015904;MS AE28BF GT 1950MM * 2,6MMTG;2620081010;66;M;RM;Vivant;536,600;0,000;0,000;0,00;0,00;0,00;536,60;0,00;0,00;0,00
661A;332015904;MS AE28BF GT 1950MM * 2,6MMTG;2620081011;66;M;RM;Vivant;536,700;0,000;0,000;0,00;0,00;0,00;536,70;0,00;0,00;0,00
661A;332015904;MS AE28BF GT 1950MM * 2,6MMTG;2620081012;66;M;RM;Vivant;536,100;0,000;0,000;0,00;0,00;0,00;536,10;0,00;0,00;0,00
661A;332015904;MS AE28BF GT 1950MM * 2,6MMTG;2620081013;66;M;RM;Vivant;536,700;0,000;0,000;0,00;0,00;0,00;536,70;0,00;0,00;0,00
661A;332015904;MS AE28BF GT 1950MM * 2,6MMTG;2620081014;66;M;RM;Vivant;537,100;0,000;0,000;0,00;0,00;0,00;537,10;0,00;0,00;0,00
661A;332015904;MS AE28BF GT 1950MM * 2,6MMTG;2620084003;66;M;RM;Vivant;538,600;0,000;0,000;0,00;0,00;0,00;538,60;0,00;0,00;0,00
661A;332015904;MS AE28BF GT 1950MM * 2,6MMTG;2620084017;66;M;RM;Vivant;538,700;0,000;0,000;0,00;0,00;0,00;538,70;0,00;0,00;0,00
661A;332015904;MS AE28BF GT 1950MM * 2,6MMTG;2620084018;66;M;RM;Vivant;539,000;0,000;0,000;0,00;0,00;0,00;539,00;0,00;0,00;0,00
661A;332015904;MS AE28BF GT 1950MM * 2,6MMTG;2620084019;66;M;RM;Vivant;539,400;0,000;0,000;0,00;0,00;0,00;539,40;0,00;0,00;0,00
661A;332015904;MS AE28BF GT 1950MM * 2,6MMTG;2620084020;66;M;RM;Vivant;539,200;0,000;0,000;0,00;0,00;0,00;539,20;0,00;0,00;0,00
661A;332015904;MS AE28BF GT 1950MM * 2,6MMTG;2620084021;66;M;RM;Vivant;541,200;0,000;0,000;0,00;0,00;0,00;541,20;0,00;0,00;0,00
661E;332015904;MS AE28BF GT 1950MM * 2,6MMTG;2618085015;66;M;RM;Vivant;100,500;0,000;0,000;69,95;0,00;0,00;100,50;69,95;0,00;0,00
661E;332015904;MS AE28BF GT 1950MM * 2,6MMTG;2618085017;66;M;RM;Vivant;192,800;0,000;0,000;134,19;0,00;0,00;192,80;134,19;0,00;0,00
661E;332015904;MS AE28BF GT 1950MM * 2,6MMTG;2619087013;66;M;RM;Vivant;318,200;0,000;0,000;221,47;0,00;0,00;318,20;221,47;0,00;0,00
661E;332015904;MS AE28BF GT 1950MM * 2,6MMTG;2620084005;66;M;RM;Vivant;31,600;0,000;0,000;21,99;0,00;0,00;31,60;21,99;0,00;0,00
661A;332015923;TWY-PES FTF 3X150 RECYNOI 200T S APF TTG;2389780;66;KG;WIP;vivant;196,000;0,000;0,000;475,84;0,00;0,00;196,00;475,84;0,00;0,00
661C;332015923;TWY-PES FTF 3X150 RECYNOI 200T S APF TTG;2275094;66;KG;WIP;vivant;85,000;0,000;0,000;206,36;0,00;0,00;85,00;206,36;0,00;0,00
661C;332015923;TWY-PES FTF 3X150 RECYNOI 200T S APF TTG;2389780;66;KG;WIP;vivant;112,000;0,000;0,000;271,91;0,00;0,00;112,00;271,91;0,00;0,00
661A;332015947;FT-CLIP CHINE MELAN Recyclé 1920MM 240GR;2280747;66;M;FG ;vivant;0,000;0,000;82,330;0,00;0,00;217,81;0,00;0,00;82,33;217,81
661A;332015947;FT-CLIP CHINE MELAN Recyclé 1920MM 240GR;2381865;66;M;FG ;vivant;962,780;0,000;0,000;2 547,14;0,00;0,00;962,78;2 547,14;0,00;0,00
661A;332015947;FT-CLIP CHINE MELAN Recyclé 1920MM 240GR;2383369;66;M;FG ;vivant;220,760;0,000;0,000;584,04;0,00;0,00;220,76;584,04;0,00;0,00
661A;332015947;FT-CLIP CHINE MELAN Recyclé 1920MM 240GR;2386244;66;M;FG ;vivant;0,000;0,000;336,920;0,00;0,00;891,36;0,00;0,00;336,92;891,36
661A;332015947;FT-CLIP CHINE MELAN Recyclé 1920MM 240GR;2401128;66;M;FG ;vivant;0,000;779,790;0,000;0,00;2 063,02;0,00;779,79;2 063,02;0,00;0,00
661A;332015947;FT-CLIP CHINE MELAN Recyclé 1920MM 240GR;2401130;66;M;FG ;vivant;0,000;605,930;0,000;0,00;1 603,05;0,00;605,93;1 603,05;0,00;0,00
661A;332015947;FT-CLIP CHINE MELAN Recyclé 1920MM 240GR;2401302;66;M;FG ;vivant;0,000;358,810;0,000;0,00;949,27;0,00;358,81;949,27;0,00;0,00
661A;332015947;FT-CLIP CHINE MELAN Recyclé 1920MM 240GR;2401809;66;M;FG ;vivant;0,000;900,260;0,000;0,00;2 381,73;0,00;900,26;2 381,73;0,00;0,00
661D;332015966;YAR-PES TASLAN1X380 TM DARK SP RECY XZJ;REC B J1;66;KG;RM;vivant;173,000;0,000;0,000;884,03;0,00;0,00;173,00;884,03;0,00;0,00
661A;332015980;YAR-PES FTF 3X183/36 TM DARK SPIRIT XZJ;SPRIT E J1;66;KG;RM;vivant;3 015,800;0,000;0,000;9 016,21;0,00;0,00;3 015,80;9 016,21;0,00;0,00
661C;332015980;YAR-PES FTF 3X183/36 TM DARK SPIRIT XZJ;SPRIT E J1;66;KG;RM;vivant;83,700;0,000;0,000;250,23;0,00;0,00;83,70;250,23;0,00;0,00
661A;332015985;YAR-PES FTF3X183/36 TM D-SPIRIT RECY XZJ;SPRIT F J1;66;KG;RM;vivant;1 511,900;0,000;0,000;7 725,81;0,00;0,00;1 511,90;7 725,81;0,00;0,00
661C;332015985;YAR-PES FTF3X183/36 TM D-SPIRIT RECY XZJ;SPRIT F J1;66;KG;RM;vivant;1 301,000;0,000;0,000;6 648,11;0,00;0,00;1 301,00;6 648,11;0,00;0,00
661D;332016012;YAR-PES TASLAN 1X400/144 TM NOIR XZJ;BLACK-J1;66;KG;RM;vivant;379,600;0,000;0,000;1 499,42;0,00;0,00;379,60;1 499,42;0,00;0,00
662A;332016012;YAR-PES TASLAN 1X400/144 TM NOIR XZJ;BLACK-J1;66;KG;RM;vivant;20,300;0,000;0,000;80,19;0,00;0,00;20,30;80,19;0,00;0,00
661A;332016031;LAM-IONAT BLEU SONGE 1900MM-10MM;2324155;66;M;FG ;Vivant;0,000;0,000;16,050;0,00;0,00;186,63;0,00;0,00;16,05;186,63
661A;332016031;LAM-IONAT BLEU SONGE 1900MM-10MM;2395790;66;M;FG ;Vivant;0,000;0,000;273,220;0,00;0,00;3 176,96;0,00;0,00;273,22;3 176,96
661A;332016031;LAM-IONAT BLEU SONGE 1900MM-10MM;2400491;66;M;FG ;Vivant;312,350;0,000;0,000;3 631,96;0,00;0,00;312,35;3 631,96;0,00;0,00
661A;332016036;LAM-IONAT BLEU SONGE 1900MM- 2MM;2324154;66;M;FG;Vivant;0,000;0,000;11,530;0,00;0,00;101,58;0,00;0,00;11,53;101,58
661A;332016036;LAM-IONAT BLEU SONGE 1900MM- 2MM;2344962;66;M;FG;Vivant;0,000;0,000;24,400;0,00;0,00;214,96;0,00;0,00;24,40;214,96
661A;332016036;LAM-IONAT BLEU SONGE 1900MM- 2MM;2370146;66;M;FG;Vivant;0,000;0,000;52,970;0,00;0,00;466,65;0,00;0,00;52,97;466,65
661A;332016036;LAM-IONAT BLEU SONGE 1900MM- 2MM;2389162;66;M;FG;Vivant;517,840;0,000;61,960;4 561,99;0,00;545,85;517,84;4 561,99;61,96;545,85
661A;332016036;LAM-IONAT BLEU SONGE 1900MM- 2MM;2389164;66;M;FG;Vivant;315,200;0,000;0,000;2 776,80;0,00;0,00;315,20;2 776,80;0,00;0,00
661A;332016036;LAM-IONAT BLEU SONGE 1900MM- 2MM;2396150;66;M;FG;Vivant;187,900;0,000;0,000;1 655,33;0,00;0,00;187,90;1 655,33;0,00;0,00
661A;332016055;TWY-PES FTF 2X170 NOIR 350TS FIFTY-ReTTG;2313665;66;KG;WIP;vivant;395,000;0,000;0,000;1 236,76;0,00;0,00;395,00;1 236,76;0,00;0,00
661A;332016055;TWY-PES FTF 2X170 NOIR 350TS FIFTY-ReTTG;2355547;66;KG;WIP;vivant;40,000;0,000;0,000;125,24;0,00;0,00;40,00;125,24;0,00;0,00
661A;332016055;TWY-PES FTF 2X170 NOIR 350TS FIFTY-ReTTG;2389618;66;KG;WIP;vivant;478,000;0,000;0,000;1 496,64;0,00;0,00;478,00;1 496,64;0,00;0,00
661G;332016055;TWY-PES FTF 2X170 NOIR 350TS FIFTY-ReTTG;2328415;66;KG;WIP;vivant;54,000;0,000;0,000;169,08;0,00;0,00;54,00;169,08;0,00;0,00
661G;332016055;TWY-PES FTF 2X170 NOIR 350TS FIFTY-ReTTG;2328445;66;KG;WIP;vivant;198,000;0,000;0,000;619,95;0,00;0,00;198,00;619,95;0,00;0,00
661G;332016055;TWY-PES FTF 2X170 NOIR 350TS FIFTY-ReTTG;2355547;66;KG;WIP;vivant;33,000;0,000;0,000;103,32;0,00;0,00;33,00;103,32;0,00;0,00
661G;332016055;TWY-PES FTF 2X170 NOIR 350TS FIFTY-ReTTG;2356705;66;KG;WIP;vivant;498,000;0,000;0,000;1 559,26;0,00;0,00;498,00;1 559,26;0,00;0,00
661G;332016055;TWY-PES FTF 2X170 NOIR 350TS FIFTY-ReTTG;2371836;66;KG;WIP;vivant;190,000;0,000;0,000;594,90;0,00;0,00;190,00;594,90;0,00;0,00
661G;332016055;TWY-PES FTF 2X170 NOIR 350TS FIFTY-ReTTG;2377837;66;KG;WIP;vivant;719,000;0,000;0,000;2 251,22;0,00;0,00;719,00;2 251,22;0,00;0,00
661A;332016079;LAM-CLIP RECYC CHWART MELANG1900 4MM;2355728;66;M;FG ;vivant;71,140;0,000;0,000;390,74;0,00;0,00;71,14;390,74;0,00;0,00
661A;332016098;LAM-CLIP RECYC Titanchw melange 1900 3MM;2285141;66;M;FG ;vivant;0,000;0,000;27,720;0,00;0,00;138,72;0,00;0,00;27,72;138,72
661A;332016116;YAR-PES FTF 2X170/48 TM NOIR FIFTY 4,5Kg;C35039;66;KG;RM;vivant;8 280,000;0,000;0,000;15 814,80;0,00;0,00;8 280,00;15 814,80;0,00;0,00
661F;332016116;YAR-PES FTF 2X170/48 TM NOIR FIFTY 4,5Kg;C35039;66;KG;RM;vivant;920,000;0,000;0,000;1 757,20;0,00;0,00;920,00;1 757,20;0,00;0,00
662A;332016130;WT-TUN  IONAT NOIR REPS 2-2 P226 D25 TS;44/38184/3;66;M;RM;vivant;996,000;0,000;0,000;2 241,00;0,00;0,00;996,00;2 241,00;0,00;0,00
662A;332016130;WT-TUN  IONAT NOIR REPS 2-2 P226 D25 TS;6/1/B400/4;66;M;RM;vivant;1 010,000;0,000;0,000;2 272,50;0,00;0,00;1 010,00;2 272,50;0,00;0,00
661E;332016178;MS SCS 28 05 LF GT 1950MM*11MM FL;121382/01;66;M;RM;vivant;30,000;0,000;0,000;86,25;0,00;0,00;30,00;86,25;0,00;0,00
661A;332016192;PAK-TUBE 152X172X2000-teinture;332016192;66;ST;RM;vivant;272,000;0,000;0,000;1 770,72;0,00;0,00;272,00;1 770,72;0,00;0,00
661G;332016210;TWY-PES FTF 2X170 FER ECR 350T S  RE-TTG;2371854;66;KG;WIP;vivant;396,000;0,000;0,000;1 062,80;0,00;0,00;396,00;1 062,80;0,00;0,00
661A;332016239;TWY-PES FTF1X320 TMR CHINE 100TS RE-TTG;2371855;66;KG;WIP;vivant;171,000;0,000;0,000;738,22;0,00;0,00;171,00;738,22;0,00;0,00
661G;332016239;TWY-PES FTF1X320 TMR CHINE 100TS RE-TTG;2313715;66;KG;WIP;vivant;86,000;0,000;0,000;371,27;0,00;0,00;86,00;371,27;0,00;0,00
661G;332016239;TWY-PES FTF1X320 TMR CHINE 100TS RE-TTG;2321289;66;KG;WIP;vivant;70,000;0,000;0,000;302,20;0,00;0,00;70,00;302,20;0,00;0,00
661G;332016239;TWY-PES FTF1X320 TMR CHINE 100TS RE-TTG;2354997;66;KG;WIP;vivant;273,522;0,000;0,000;1 180,82;0,00;0,00;273,52;1 180,82;0,00;0,00
661G;332016239;TWY-PES FTF1X320 TMR CHINE 100TS RE-TTG;2382724;66;KG;WIP;vivant;228,000;0,000;0,000;984,30;0,00;0,00;228,00;984,30;0,00;0,00
661G;332016239;TWY-PES FTF1X320 TMR CHINE 100TS RE-TTG;2392928;66;KG;WIP;vivant;226,000;0,000;0,000;975,66;0,00;0,00;226,00;975,66;0,00;0,00
661G;332016239;TWY-PES FTF1X320 TMR CHINE 100TS RE-TTG;2395394;66;KG;WIP;vivant;904,000;0,000;0,000;3 902,65;0,00;0,00;904,00;3 902,65;0,00;0,00
661G;332016239;TWY-PES FTF1X320 TMR CHINE 100TS RE-TTG;2399812;66;KG;WIP;vivant;684,000;0,000;0,000;2 952,89;0,00;0,00;684,00;2 952,89;0,00;0,00
661A;332016272;WA-CANU 2X167 FE ECR P226X26 FIFTY;2400173;66;M;WIP ;Vivant;6 560,000;0,000;0,000;2 292,20;0,00;0,00;6 560,00;2 292,20;0,00;0,00
661A;332016296;WT-POCKA Chine NOIR BISE JAC P230 D25;240109494A;66;M;WIP;Vivant;400,000;0,000;0,000;1 174,24;0,00;0,00;400,00;1 174,24;0,00;0,00
661A;332016314;WA-POKA Chine 2X167Noir/Slatgr P230X26AN;2374439;66;M;WIP;Vivant;5 860,000;0,000;0,000;8 336,14;0,00;0,00;5 860,00;8 336,14;0,00;0,00
661D;332016319;YAR-PES FTF 2X177/48 TM BISE ANTEX;354705;66;KG;RM;vivant;248,000;0,000;0,000;1 515,28;0,00;0,00;248,00;1 515,28;0,00;0,00
662A;332016319;YAR-PES FTF 2X177/48 TM BISE ANTEX;354705;66;KG;RM;vivant;1 851,510;0,000;0,000;11 312,74;0,00;0,00;1 851,51;11 312,74;0,00;0,00
661A;332016333;TWS-PES FTF2X167chine1NOI/1SlatGray100/S;358548;66;KG;RM;Vivant;4 590,890;0,000;0,000;28 188,07;0,00;0,00;4 590,89;28 188,07;0,00;0,00
661C;332016333;TWS-PES FTF2X167chine1NOI/1SlatGray100/S;355707;66;KG;RM;Vivant;54,000;0,000;0,000;331,56;0,00;0,00;54,00;331,56;0,00;0,00
661A;332016352;LAM-PULSE UNI ESPUMA1900MM 3MM;2186887;66;M;FG;vivant;0,000;0,000;21,210;0,00;0,00;191,99;0,00;0,00;21,21;191,99
661A;332016352;LAM-PULSE UNI ESPUMA1900MM 3MM;2382967;66;M;FG;vivant;0,000;0,000;28,710;0,00;0,00;259,89;0,00;0,00;28,71;259,89
661A;332016357;MS EDP 41OW LE WH 4,5 MM 1960 MM FL;119258/01;66;M;RM;vivant;60,000;0,000;0,000;130,08;0,00;0,00;60,00;130,08;0,00;0,00
661E;332016357;MS EDP 41OW LE WH 4,5 MM 1960 MM FL;119258/01;66;M;RM;vivant;100,000;0,000;0,000;216,80;0,00;0,00;100,00;216,80;0,00;0,00
661E;332016357;MS EDP 41OW LE WH 4,5 MM 1960 MM FL;124118/01;66;M;RM;vivant;30,000;0,000;0,000;65,04;0,00;0,00;30,00;65,04;0,00;0,00
661A;332016376;MS AE28BF GT 2040*3,3TG;2617056002;66;M;RM;vivant;418,600;0,000;0,000;0,00;0,00;0,00;418,60;0,00;0,00;0,00
661E;332016376;MS AE28BF GT 2040*3,3TG;2615062017;66;M;RM;vivant;357,000;0,000;0,000;329,87;0,00;0,00;357,00;329,87;0,00;0,00
661E;332016376;MS AE28BF GT 2040*3,3TG;2616078028;66;M;RM;vivant;84,500;0,000;0,000;78,08;0,00;0,00;84,50;78,08;0,00;0,00
661E;332016376;MS AE28BF GT 2040*3,3TG;2618089001;66;M;RM;vivant;86,800;0,000;0,000;80,20;0,00;0,00;86,80;80,20;0,00;0,00
661E;332016376;MS AE28BF GT 2040*3,3TG;2618089004;66;M;RM;vivant;34,500;0,000;0,000;31,88;0,00;0,00;34,50;31,88;0,00;0,00
661E;332016376;MS AE28BF GT 2040*3,3TG;2617055001;66;M;RM;vivant;200,000;0,000;0,000;0,00;0,00;0,00;200,00;0,00;0,00;0,00
661A;332016413;FT-CURITIBA TINY LIGHT GREY RECG627-1211;334613;66;M;FG;Vivant;0,000;621,500;0,000;0,00;4 518,31;0,00;621,50;4 518,31;0,00;0,00
661A;332016432;YAR-PES TASLAN 1X400/136 CS V BI   ANT;346999;66;KG;RM;vivant;52,000;0,000;0,000;317,72;0,00;0,00;52,00;317,72;0,00;0,00
661A;332016432;YAR-PES TASLAN 1X400/136 CS V BI   ANT;353217;66;KG;RM;vivant;5,190;0,000;0,000;31,71;0,00;0,00;5,19;31,71;0,00;0,00
661A;332016432;YAR-PES TASLAN 1X400/136 CS V BI   ANT;357210;66;KG;RM;vivant;317,850;0,000;0,000;1 942,06;0,00;0,00;317,85;1 942,06;0,00;0,00
661A;332016432;YAR-PES TASLAN 1X400/136 CS V BI   ANT;357210;66;KG;RM;vivant;611,040;0,000;0,000;0,00;0,00;0,00;611,04;0,00;0,00;0,00
661D;332016432;YAR-PES TASLAN 1X400/136 CS V BI   ANT;353217;66;KG;RM;vivant;13,000;0,000;0,000;79,43;0,00;0,00;13,00;79,43;0,00;0,00
661A;332016437;FT-POCKA  CHINE NOIR BISE L1950Vrac;2367313;66;M;FG;Vivant;308,840;0,000;0,000;1 137,00;0,00;0,00;308,84;1 137,00;0,00;0,00
661A;332016437;FT-POCKA  CHINE NOIR BISE L1950Vrac;2372314;66;M;FG;Vivant;702,310;0,000;0,000;2 585,56;0,00;0,00;702,31;2 585,56;0,00;0,00
661A;332016451;MS GR SCS D35T 1,9MM 2040MM FL;122760/02;66;M;RM;vivant;945,000;0,000;0,000;718,20;0,00;0,00;945,00;718,20;0,00;0,00
661A;332016456;MS GR SCS D35T 4,8MM 1960MM FL;122760/03;66;M;RM;vivant;2 400,000;0,000;0,000;4 015,21;0,00;0,00;2 400,00;4 015,21;0,00;0,00
661E;332016456;MS GR SCS D35T 4,8MM 1960MM FL;122760/03;66;M;RM;vivant;378,000;0,000;0,000;632,39;0,00;0,00;378,00;632,39;0,00;0,00
661A;332016470;LAM CURITIBA G282 HZD MISTRAL 1900MM 2MM;2383121;66;M;FG;vivant;0,000;0,000;120,550;0,00;0,00;492,63;0,00;0,00;120,55;492,63
661A;332016470;LAM CURITIBA G282 HZD MISTRAL 1900MM 2MM;2388568;66;M;FG;vivant;256,040;0,000;0,000;1 046,31;0,00;0,00;256,04;1 046,31;0,00;0,00
661A;332016475;MS AE28BF GT 2040*3TG;2537060007;66;M;RM;Vivant;241,900;0,000;0,000;203,20;0,00;0,00;241,90;203,20;0,00;0,00
661E;332016512;FOAMBACK_MS Novada II_Caligen_1950 x3.5m;260408A;66;M;RM;vivant;26,000;0,000;0,000;66,38;0,00;0,00;26,00;66,38;0,00;0,00
662A;332016512;FOAMBACK_MS Novada II_Caligen_1950 x3.5m;260408A;66;M;RM;vivant;472,000;0,000;0,000;1 205,01;0,00;0,00;472,00;1 205,01;0,00;0,00
661A;332016517;FOAMBACK_MS Novada II_Caligen_2020X 4.2;260308B;66;M;RM;vivant;236,000;0,000;0,000;687,94;0,00;0,00;236,00;687,94;0,00;0,00
661E;332016517;FOAMBACK_MS Novada II_Caligen_2020X 4.2;260308B;66;M;RM;vivant;200,000;0,000;0,000;583,00;0,00;0,00;200,00;583,00;0,00;0,00
661E;332016531;Foam MS-NOVADA 2-1600x3 mm;255018B;66;M;RM;vivant;81,000;0,000;0,000;165,89;0,00;0,00;81,00;165,89;0,00;0,00
662A;332016531;Foam MS-NOVADA 2-1600x3 mm;255018B;66;M;RM;vivant;708,000;0,000;0,000;1 449,98;0,00;0,00;708,00;1 449,98;0,00;0,00
661A;332016536;FOAM  MS-NOVADA 2-1850x3,5 mm;254915B;66;M;RM;vivant;236,000;0,000;0,000;0,00;0,00;0,00;236,00;0,00;0,00;0,00
661E;332016536;FOAM  MS-NOVADA 2-1850x3,5 mm;254915B;66;M;RM;vivant;80,000;0,000;0,000;0,00;0,00;0,00;80,00;0,00;0,00;0,00
662A;332016536;FOAM  MS-NOVADA 2-1850x3,5 mm;254915B;66;M;RM;vivant;472,000;0,000;0,000;0,00;0,00;0,00;472,00;0,00;0,00;0,00
661E;332016550;CLIP Soul TPD 2ZA  1720 Aunde;13934643;66;M;RM;vivant;45,000;0,000;0,000;332,10;0,00;0,00;45,00;332,10;0,00;0,00
662A;332016555;TEP BPE SOUL 1500 VOW;2506890;66;M;RM;vivant;80,000;0,000;0,000;674,40;0,00;0,00;80,00;674,40;0,00;0,00
661A;332016574;TWY-PES FTF1X250 PISARA SEQUAL 250S-TTG;2309538;66;KG;WIP ;vivant;1 159,000;0,000;0,000;10 367,54;0,00;0,00;1 159,00;10 367,54;0,00;0,00
661A;332016593;FT-IONAT NOIR REPS 2-2 L1920 - TS;2323607;66;M;FG;vivant;774,820;0,000;0,000;2 719,62;0,00;0,00;774,82;2 719,62;0,00;0,00
661A;332016593;FT-IONAT NOIR REPS 2-2 L1920 - TS;2387186;66;M;FG;vivant;903,600;0,000;0,000;3 171,64;0,00;0,00;903,60;3 171,64;0,00;0,00
661A;332016593;FT-IONAT NOIR REPS 2-2 L1920 - TS;2389476;66;M;FG;vivant;899,400;0,000;0,000;3 156,89;0,00;0,00;899,40;3 156,89;0,00;0,00
661A;332016593;FT-IONAT NOIR REPS 2-2 L1920 - TS;2389477;66;M;FG;vivant;934,800;0,000;0,000;3 281,15;0,00;0,00;934,80;3 281,15;0,00;0,00
661A;332016593;FT-IONAT NOIR REPS 2-2 L1920 - TS;2389478;66;M;FG;vivant;477,600;0,000;0,000;1 676,38;0,00;0,00;477,60;1 676,38;0,00;0,00
661A;332016593;FT-IONAT NOIR REPS 2-2 L1920 - TS;2389479;66;M;FG;vivant;923,200;0,000;0,000;3 240,43;0,00;0,00;923,20;3 240,43;0,00;0,00
661A;332016593;FT-IONAT NOIR REPS 2-2 L1920 - TS;2389480;66;M;FG;vivant;929,200;0,000;0,000;3 261,49;0,00;0,00;929,20;3 261,49;0,00;0,00
661E;332016593;FT-IONAT NOIR REPS 2-2 L1920 - TS;2325575;66;M;FG;vivant;154,200;0,000;0,000;541,24;0,00;0,00;154,20;541,24;0,00;0,00
661E;332016593;FT-IONAT NOIR REPS 2-2 L1920 - TS;2378028;66;M;FG;vivant;288,400;0,000;0,000;1 012,28;0,00;0,00;288,40;1 012,28;0,00;0,00
661A;332016611;LAM DECOREX 44-18  FIB 2,9mm K9;2362618;66;M;FG;vivant;51,850;0,000;0,000;317,16;0,00;0,00;51,85;317,16;0,00;0,00
661A;332016611;LAM DECOREX 44-18  FIB 2,9mm K9;2383353;66;M;FG;vivant;0,000;0,000;193,360;0,00;0,00;1 182,75;0,00;0,00;193,36;1 182,75
661A;332016630;LAM BRASILIA MISTRAL HZD 1900MM 3,5MM K9;2336808;66;M;FG;vivant;0,000;52,270;0,000;0,00;292,34;0,00;52,27;292,34;0,00;0,00
661A;332016630;LAM BRASILIA MISTRAL HZD 1900MM 3,5MM K9;2355066;66;M;FG;vivant;0,000;0,000;46,420;0,00;0,00;259,62;0,00;0,00;46,42;259,62
661A;332016630;LAM BRASILIA MISTRAL HZD 1900MM 3,5MM K9;2358821;66;M;FG;vivant;0,000;0,000;2,990;0,00;0,00;16,72;0,00;0,00;2,99;16,72
661A;332016630;LAM BRASILIA MISTRAL HZD 1900MM 3,5MM K9;2383253;66;M;FG;vivant;0,000;0,000;42,750;0,00;0,00;239,09;0,00;0,00;42,75;239,09
661A;332016630;LAM BRASILIA MISTRAL HZD 1900MM 3,5MM K9;2388972;66;M;FG;vivant;0,000;35,140;0,000;0,00;196,53;0,00;35,14;196,53;0,00;0,00
661A;332016630;LAM BRASILIA MISTRAL HZD 1900MM 3,5MM K9;2395144;66;M;FG;vivant;0,000;67,950;0,000;0,00;380,03;0,00;67,95;380,03;0,00;0,00
661A;332016678;TWY-PES FTF 2X170/48TM 1NO/1BI 100TS THE;2335443;66;KG;WIP;vivant;313,000;0,000;0,000;1 101,52;0,00;0,00;313,00;1 101,52;0,00;0,00
661A;332016715;FT-CLIP RECYCLE 192 CM 230 GM2 TS;2331701;66;M;FG ;vivant;2,000;0,000;0,000;8,40;0,00;0,00;2,00;8,40;0,00;0,00
661A;332016715;FT-CLIP RECYCLE 192 CM 230 GM2 TS;2341002;66;M;FG ;vivant;0,000;831,200;0,000;0,00;3 491,04;0,00;831,20;3 491,04;0,00;0,00
662A;332016715;FT-CLIP RECYCLE 192 CM 230 GM2 TS;2331702;66;M;FG ;vivant;877,200;0,000;0,000;3 684,24;0,00;0,00;877,20;3 684,24;0,00;0,00
662A;332016715;FT-CLIP RECYCLE 192 CM 230 GM2 TS;2331705;66;M;FG ;vivant;867,650;0,000;0,000;3 644,13;0,00;0,00;867,65;3 644,13;0,00;0,00
662A;332016715;FT-CLIP RECYCLE 192 CM 230 GM2 TS;2335016;66;M;FG ;vivant;1 136,800;0,000;0,000;4 774,56;0,00;0,00;1 136,80;4 774,56;0,00;0,00
661A;332016753;LAM-Vinyle BPE SOUL2NZ 3mm;2387086;66;M;FG;Vivant;28,450;0,000;0,000;335,27;0,00;0,00;28,45;335,27;0,00;0,00
661A;332016753;LAM-Vinyle BPE SOUL2NZ 3mm;2395146;66;M;FG;Vivant;33,080;0,000;0,000;389,83;0,00;0,00;33,08;389,83;0,00;0,00
661A;332016758;IGNIFUGANTE AFLAMMIT MSG KRA;RP23422802;66;KG;RM;vivant;1 200,000;0,000;0,000;6 614,20;0,00;0,00;1 200,00;6 614,20;0,00;0,00
661A;332016777;LAM-Rimini  Mistral HZD-5MM;2356707;66;M;FG;vivant;44,810;0,000;0,000;207,82;0,00;0,00;44,81;207,82;0,00;0,00
661A;332016814;FT-DIAGONALTY MELANGE G613 /ex:Tric - TS;2362729;66;M;FG ;Vivant;555,000;0,000;0,000;2 253,30;0,00;0,00;555,00;2 253,30;0,00;0,00
661A;332016819;LAM BRASILIA MISTRAL  2MM  K9;2372235;66;M;FG;Vivant;0,000;0,000;43,780;0,00;0,00;165,13;0,00;0,00;43,78;165,13
661A;332016819;LAM BRASILIA MISTRAL  2MM  K9;2377657;66;M;FG;Vivant;199,920;0,000;0,000;754,06;0,00;0,00;199,92;754,06;0,00;0,00
661A;332016819;LAM BRASILIA MISTRAL  2MM  K9;2377659;66;M;FG;Vivant;424,090;0,000;0,000;1 599,58;0,00;0,00;424,09;1 599,58;0,00;0,00
661A;332016833;LAM CURITIBA UP NARBONNAIS HZF 2MM K9;2372727;66;M;FG;Vivant;0,000;0,000;58,220;0,00;0,00;221,88;0,00;0,00;58,22;221,88
661A;332016833;LAM CURITIBA UP NARBONNAIS HZF 2MM K9;2377680;66;M;FG;Vivant;0,000;0,000;562,010;0,00;0,00;2 141,86;0,00;0,00;562,01;2 141,86
661A;332016833;LAM CURITIBA UP NARBONNAIS HZF 2MM K9;2377681;66;M;FG;Vivant;71,460;0,000;0,000;272,34;0,00;0,00;71,46;272,34;0,00;0,00
661A;332016833;LAM CURITIBA UP NARBONNAIS HZF 2MM K9;2383883;66;M;FG;Vivant;475,890;0,000;0,000;1 813,65;0,00;0,00;475,89;1 813,65;0,00;0,00
661A;332016871;LAM-PULSE DEGRADE 1900MM 4MM-440;2400496;66;M;FG;vivant;0,000;0,000;185,850;0,00;0,00;1 640,87;0,00;0,00;185,85;1 640,87
661A;332016871;LAM-PULSE DEGRADE 1900MM 4MM-440;2400497;66;M;FG;vivant;15,750;0,000;155,040;139,06;0,00;1 368,85;15,75;139,06;155,04;1 368,85
661A;332016876;LAM-PULSE DEGRADE 1900MM 4MM-525;2400495;66;M;FG;vivant;0,000;423,290;0,000;0,00;3 704,91;0,00;423,29;3 704,91;0,00;0,00
661A;332016913;LAM CLIP Soul TPD 2ZA 1720 Aunde ;2384030;66;M;FG;Vivant;0,000;0,000;17,760;0,00;0,00;152,98;0,00;0,00;17,76;152,98
661A;332016913;LAM CLIP Soul TPD 2ZA 1720 Aunde ;2395145;66;M;FG;Vivant;0,000;0,000;50,720;0,00;0,00;436,89;0,00;0,00;50,72;436,89
661A;332016918;YAR-PES FTF 3X167/48 TM NOIR INDORAMA;1102739;66;KG;RM;vivant;1 047,100;0,000;0,000;2 048,67;0,00;0,00;1 047,10;2 048,67;0,00;0,00
661A;332016918;YAR-PES FTF 3X167/48 TM NOIR INDORAMA;1102758;66;KG;RM;vivant;3 342,500;0,000;0,000;6 539,67;0,00;0,00;3 342,50;6 539,67;0,00;0,00
661A;332016918;YAR-PES FTF 3X167/48 TM NOIR INDORAMA;1102763;66;KG;RM;vivant;3 303,750;0,000;0,000;6 463,85;0,00;0,00;3 303,75;6 463,85;0,00;0,00
661D;332016918;YAR-PES FTF 3X167/48 TM NOIR INDORAMA;1102739;66;KG;RM;vivant;1 236,300;0,000;0,000;2 418,85;0,00;0,00;1 236,30;2 418,85;0,00;0,00
661A;332017941;FT-IONAT BLEU SONGE 230 GR 192;329239;66;M;FG;Vivant;0,000;0,000;59,000;0,00;0,00;417,72;0,00;0,00;59,00;417,72
661A;332017941;FT-IONAT BLEU SONGE 230 GR 192;331236;66;M;FG;Vivant;194,400;0,000;0,000;1 376,35;0,00;0,00;194,40;1 376,35;0,00;0,00
661A;332017941;FT-IONAT BLEU SONGE 230 GR 192;332008;66;M;FG;Vivant;1,970;0,000;0,000;13,95;0,00;0,00;1,97;13,95;0,00;0,00
661A;332017941;FT-IONAT BLEU SONGE 230 GR 192;338746;66;M;FG;Vivant;0,000;639,150;0,000;0,00;4 525,18;0,00;639,15;4 525,18;0,00;0,00
661A;350027866;CLIP TITANSCHWARZ 1920MM;2342072;66;M;FG;vivant;841,420;0,000;0,000;1 858,91;0,00;0,00;841,42;1 858,91;0,00;0,00
661A;350082730;CURITIBA G387 GRIS TAVOC HZX L1920;2123326;66;M;FG;vivant;0,000;0,000;200,660;0,00;0,00;604,64;0,00;0,00;200,66;604,64
661A;350082730;CURITIBA G387 GRIS TAVOC HZX L1920;2215011;66;M;FG;vivant;214,220;0,000;0,000;645,50;0,00;0,00;214,22;645,50;0,00;0,00
661A;350129232;MS25 + 2 D28 L1900;2379941;66;M;FG;vivant;330,310;0,000;0,000;520,22;0,00;0,00;330,31;520,22;0,00;0,00
662A;350210898;LAM-NEMESIS G488 L1930 E2 MM;1661360;66;M;FG;vivant;39,950;0,000;0,000;380,63;0,00;0,00;39,95;380,63;0,00;0,00
661A;350212939;LAM-FOAM DE GLAÇAGE 5MM 190 CM VW216;2367183;66;M;FG;vivant;0,000;0,000;49,250;0,00;0,00;146,93;0,00;0,00;49,25;146,93
661A;350212939;LAM-FOAM DE GLAÇAGE 5MM 190 CM VW216;2389792;66;M;FG;vivant;67,500;0,000;0,000;201,37;0,00;0,00;67,50;201,37;0,00;0,00
661A;350212939;LAM-FOAM DE GLAÇAGE 5MM 190 CM VW216;2396837;66;M;FG;vivant;372,710;0,000;0,000;1 111,91;0,00;0,00;372,71;1 111,91;0,00;0,00
662A;350215980;LAM-PAMPLEMOUSSE LAMA F681 L1420 E2MM;1744671;66;M;FG;vivant;20,980;0,000;0,000;242,52;0,00;0,00;20,98;242,52;0,00;0,00
661A;350277049;LAM-CLIP TITANCHWARZ 1MM VW216;2275973;66;M;FG;vivant;0,000;0,000;39,090;0,00;0,00;158,93;0,00;0,00;39,09;158,93
661A;350277049;LAM-CLIP TITANCHWARZ 1MM VW216;2321261;66;M;FG;vivant;0,000;0,000;42,960;0,00;0,00;174,67;0,00;0,00;42,96;174,67
661A;350277049;LAM-CLIP TITANCHWARZ 1MM VW216;2336797;66;M;FG;vivant;0,000;0,000;86,500;0,00;0,00;351,70;0,00;0,00;86,50;351,70
661A;350277049;LAM-CLIP TITANCHWARZ 1MM VW216;2344180;66;M;FG;vivant;0,000;0,000;20,170;0,00;0,00;82,01;0,00;0,00;20,17;82,01
661A;350277049;LAM-CLIP TITANCHWARZ 1MM VW216;2358683;66;M;FG;vivant;0,000;0,000;78,180;0,00;0,00;317,87;0,00;0,00;78,18;317,87
661A;350277049;LAM-CLIP TITANCHWARZ 1MM VW216;2366667;66;M;FG;vivant;0,000;0,000;34,890;0,00;0,00;141,86;0,00;0,00;34,89;141,86
661A;350277049;LAM-CLIP TITANCHWARZ 1MM VW216;2377780;66;M;FG;vivant;0,000;0,000;21,820;0,00;0,00;88,72;0,00;0,00;21,82;88,72
661A;350277049;LAM-CLIP TITANCHWARZ 1MM VW216;2379947;66;M;FG;vivant;3,880;0,000;0,000;15,78;0,00;0,00;3,88;15,78;0,00;0,00
661A;350277049;LAM-CLIP TITANCHWARZ 1MM VW216;2389594;66;M;FG;vivant;0,000;0,000;37,820;0,00;0,00;153,77;0,00;0,00;37,82;153,77
661A;350277049;LAM-CLIP TITANCHWARZ 1MM VW216;2389595;66;M;FG;vivant;0,000;0,000;114,250;0,00;0,00;464,52;0,00;0,00;114,25;464,52
661A;350277049;LAM-CLIP TITANCHWARZ 1MM VW216;2395308;66;M;FG;vivant;77,820;0,000;0,000;316,41;0,00;0,00;77,82;316,41;0,00;0,00
661A;350277049;LAM-CLIP TITANCHWARZ 1MM VW216;2397394;66;M;FG;vivant;815,110;0,000;0,000;3 314,12;0,00;0,00;815,11;3 314,12;0,00;0,00
661A;350277049;LAM-CLIP TITANCHWARZ 1MM VW216;2400493;66;M;FG;vivant;0,000;0,000;552,330;0,00;0,00;2 245,70;0,00;0,00;552,33;2 245,70
661A;350277049;LAM-CLIP TITANCHWARZ 1MM VW216;2400494;66;M;FG;vivant;0,000;0,000;273,030;0,00;0,00;1 110,10;0,00;0,00;273,03;1 110,10
661A;350277068;LAM-CLIP TITANCHWARZ 3MM VW216;2388927;66;M;FG;vivant;519,740;0,000;0,000;2 417,64;0,00;0,00;519,74;2 417,64;0,00;0,00
662A;350297721;LAM-BRASILIA G282 LAMA FBJ L1900 E2 MM;1917902;66;M;FG;vivant;22,310;0,000;0,000;256,43;0,00;0,00;22,31;256,43;0,00;0,00
661A;350732024;ENV EC CIRTF 45PES 1960 SC;2600071;66;M;RM;vivant;510,800;0,000;133,000;224,75;0,00;58,52;510,80;224,75;133,00;58,52
661A;350732024;ENV EC CIRTF 45PES 1960 SC;2600490;66;M;RM;vivant;3 073,300;0,000;0,000;1 352,25;0,00;0,00;3 073,30;1 352,25;0,00;0,00
661E;350732024;ENV EC CIRTF 45PES 1960 SC;2500 457;66;M;RM;vivant;186,000;0,000;0,000;81,84;0,00;0,00;186,00;81,84;0,00;0,00
661E;350732024;ENV EC CIRTF 45PES 1960 SC;2600071;66;M;RM;vivant;867,850;0,000;0,000;381,85;0,00;0,00;867,85;381,85;0,00;0,00
661E;350732024;ENV EC CIRTF 45PES 1960 SC;2600490;66;M;RM;vivant;558,700;0,000;0,000;245,83;0,00;0,00;558,70;245,83;0,00;0,00
